time,x,y,z,qx,qy,qz,qw
1750186410.4119318,2.2617121318039857,0.01785942771589624,0.7696468467264606,0.0,0.0,0.0,1.0
1750186410.4120386,2.3122923982700754,0.00733405323684147,0.7968796364668824,0.0,0.0,0.0,1.0
1750186410.4681466,2.282497539868355,0.014446447136752586,0.7694710192836961,0.0,0.0,0.0,1.0
1750186410.5661812,2.3029424903273252,-0.0042070320947888845,0.7831415615401874,0.0,0.0,0.0,1.0
1750186410.7207632,2.2908825287159864,-0.005997787980930044,0.759540439329812,0.0,0.0,0.0,1.0
1750186410.7729883,2.3276746203406695,-0.007709290941744003,0.7801815620914841,0.0,0.0,0.0,1.0
1750186410.8658087,2.346247738749694,0.007487445837539634,0.7881209630604058,0.0,0.0,0.0,1.0
1750186410.966275,2.3513599413258075,-0.0006613376280972527,0.7804253030577938,0.0,0.0,0.0,1.0
1750186411.0669992,2.352918673222483,-0.01285464248252918,0.7769645804732267,0.0,0.0,0.0,1.0
1750186411.2167122,2.3536633725489806,-0.024891212968063743,0.775207745918259,0.0,0.0,0.0,1.0
1750186411.2572474,2.353635903602799,-0.030927047340780174,0.774322134833946,0.0,0.0,0.0,1.0
1750186411.360993,2.3752224313026225,-0.014083989035665899,0.7913401178212124,0.0,0.0,0.0,1.0
1750186411.4625065,2.3601991933251814,-0.01035527067543757,0.791809936857732,0.0,0.0,0.0,1.0
1750186411.5642388,2.370864122643022,0.002856270784346509,0.7917197759823295,0.0,0.0,0.0,1.0
1750186411.7183256,2.3678746466349,-0.008072584897227387,0.7804109588218788,0.0,0.0,0.0,1.0
1750186411.7561996,2.3799875279572484,0.00016127545170467085,0.7940931157085497,0.0,0.0,0.0,1.0
1750186411.8665857,2.388071161101407,-0.013412603405145954,0.7866588760448651,0.0,0.0,0.0,1.0
1750186411.9764166,2.394022609607459,0.0017661120081201506,0.7879710222891148,0.0,0.0,0.0,1.0
1750186412.066677,2.416937781568889,-0.00928885151214034,0.7823825929590374,0.0,0.0,0.0,1.0
1750186412.2329738,2.4137786420315583,-0.009182404002539663,0.6554528933256487,0.0,0.0,0.0,1.0
1750186412.2622247,2.411637283566437,-0.009087357339499742,0.5888984323863263,0.0,0.0,0.0,1.0
1750186412.3636153,2.406449047113762,-0.015757524072572547,0.6747322412617007,0.0,0.0,0.0,1.0
1750186412.4626281,2.481275650419298,-0.01727703000104558,0.6963944476720488,0.0,0.0,0.0,1.0
1750186412.6172945,2.4780395260969157,-0.01917960866538536,0.6198476505315669,0.0,0.0,0.0,1.0
1750186412.6608653,2.5394758691914765,-0.02446859177669336,0.6707648335164604,0.0,0.0,0.0,1.0
1750186412.7662199,2.50599541419666,-0.027448474711681017,0.6034467140232311,0.0,0.0,0.0,1.0
1750186412.864689,2.555970812799773,-0.028369213342138204,0.6585537350171846,0.0,0.0,0.0,1.0
1750186412.967217,2.4904846231703135,-0.024350028252912912,0.7087221598161253,0.0,0.0,0.0,1.0
1750186413.1253023,2.4876336116296045,-0.027765232766998306,0.5994650354347472,0.0,0.0,0.0,1.0
1750186413.155581,2.4866082414177137,-0.030996229525337503,0.5386976744569718,0.0,0.0,0.0,1.0
1750186413.264934,2.4836062731429376,-0.037257922082738544,0.48814507237713056,0.0,0.0,0.0,1.0
1750186413.3663144,2.4782135031007484,-0.03710526255009643,0.46881172380497454,0.0,0.0,0.0,1.0
1750186413.4707837,2.4733746354110857,-0.03714436751870531,0.4410114865172762,0.0,0.0,0.0,1.0
1750186413.6172848,2.48265774001698,-0.04027686664385398,0.4004632735252679,0.0,0.0,0.0,1.0
1750186413.6577942,2.475968659968733,-0.0473223445491918,0.3981171084600726,0.0,0.0,0.0,1.0
1750186413.7714615,2.4553550867707963,-0.04875622442759238,0.3924244670518915,0.0,0.0,0.0,1.0
1750186413.860488,2.4612295071865287,-0.05170877974541276,0.3791523985918145,0.0,0.0,0.0,1.0
1750186413.9642355,2.4494832550743815,-0.061319131751219204,0.36066532414976027,0.0,0.0,0.0,1.0
1750186414.1194866,2.4526934928934514,-0.06412083181867277,0.34998719558793123,0.0,0.0,0.0,1.0
1750186414.156529,2.450836843630089,-0.06987017213919676,0.327898486920102,0.0,0.0,0.0,1.0
1750186414.26891,2.44530398454334,-0.0707546322493807,0.3024808330131034,0.0,0.0,0.0,1.0
1750186414.3709013,2.4386242963213354,-0.07809949603652956,0.29212256156779254,0.0,0.0,0.0,1.0
1750186414.5202112,2.4312399403200686,-0.08524579816981143,0.2663569968575089,0.0,0.0,0.0,1.0
1750186414.555567,2.4299658337851455,-0.09142993596667924,0.2508125647395715,0.0,0.0,0.0,1.0
1750186414.6666584,2.435103839701658,-0.09519552849081239,0.22403041116054997,0.0,0.0,0.0,1.0
1750186414.7650104,2.4285940194668694,-0.09807764817633674,0.20060501236862088,0.0,0.0,0.0,1.0
1750186414.861399,2.427783137975109,-0.09774137420763598,0.1909223916858154,0.0,0.0,0.0,1.0
1750186415.0151808,2.429305196726512,-0.100703020088409,0.183322365581933,0.0,0.0,0.0,1.0
1750186415.0647688,2.4207469820003316,-0.10253062050036899,0.1952750447386267,0.0,0.0,0.0,1.0
1750186415.1645515,2.433082578025087,-0.10809320485931215,0.20037335632467682,0.0,0.0,0.0,1.0
1750186415.270683,2.419811375001739,-0.10996409183171937,0.21163433316168742,0.0,0.0,0.0,1.0
1750186415.363662,2.4070863022730316,-0.11291594471821151,0.21153847756348967,0.0,0.0,0.0,1.0
1750186415.5512033,2.4080365296842934,-0.11764741623305436,0.19544015714690982,0.0,0.0,0.0,1.0
1750186415.5784152,2.4086291511699183,-0.12017006776556124,0.18675752310858276,0.0,0.0,0.0,1.0
1750186415.6814756,2.4142992089038433,-0.12107096983473799,0.15944009892279337,0.0,0.0,0.0,1.0
1750186415.7658253,2.4056511991344807,-0.12510863576959413,0.13407609336273305,0.0,0.0,0.0,1.0
1750186415.867404,2.401470329556137,-0.12710203652815252,0.10689973955300368,0.0,0.0,0.0,1.0
1750186416.0208988,2.394930686364744,-0.13018681391992792,0.07821768039783719,0.0,0.0,0.0,1.0
1750186416.060158,2.3933065459741756,-0.13440679141521503,0.061577416867677086,0.0,0.0,0.0,1.0
1750186416.1630375,2.3945749141920953,-0.13940303257566317,0.05290020369251952,0.0,0.0,0.0,1.0
1750186416.2693396,2.389359597059407,-0.14036614174780374,0.05589122668478774,0.0,0.0,0.0,1.0
1750186416.4346335,2.38852293036586,-0.15190457032308569,0.06903401756104312,0.0,0.0,0.0,1.0
1750186416.46144,2.3882486153908196,-0.15779305994642645,0.0766836531005268,0.0,0.0,0.0,1.0
1750186416.561339,2.382483458267395,-0.16240426760562823,0.08371864108968931,0.0,0.0,0.0,1.0
1750186416.6679292,2.3856306561036735,-0.16854214333661746,0.08579136987130234,0.0,0.0,0.0,1.0
1750186416.7752635,2.3874017755021906,-0.17199353289677732,0.09196777906832376,0.0,0.0,0.0,1.0
1750186416.9295228,2.384566292386428,-0.1787930883431095,0.09664302320008922,0.0,0.0,0.0,1.0
1750186416.9691577,2.383172723158531,-0.18203006133692295,0.09919667655743124,0.0,0.0,0.0,1.0
1750186417.068351,2.3775694089612402,-0.18444121939794625,0.10011728858444258,0.0,0.0,0.0,1.0
1750186417.170222,2.379130309326489,-0.1870222120651285,0.11094762943292955,0.0,0.0,0.0,1.0
1750186417.2621758,2.374410697863602,-0.19737322801492357,0.11846328949283617,0.0,0.0,0.0,1.0
1750186417.424134,2.387761022705721,-0.20629062868208492,0.12977312969087879,0.0,0.0,0.0,1.0
1750186417.4544044,2.3872115202489037,-0.21659773101005073,0.13214949794591493,0.0,0.0,0.0,1.0
1750186417.5716386,2.3874536626136016,-0.22192581013510515,0.13934386658473114,0.0,0.0,0.0,1.0
1750186417.6682441,2.38409283761506,-0.22429355757037203,0.14447966267487644,0.0,0.0,0.0,1.0
1750186417.7691472,2.3925305304303652,-0.22765675011207073,0.15319958898576444,0.0,0.0,0.0,1.0
1750186417.9382036,2.3896868026701608,-0.22937638358830192,0.16039377122238915,0.0,0.0,0.0,1.0
1750186417.9642344,2.3881304382244957,-0.23003557126369487,0.16396789246175034,0.0,0.0,0.0,1.0
1750186418.062528,2.3823620366733316,-0.23919852548189027,0.18043887467998104,0.0,0.0,0.0,1.0
1750186418.1628857,2.3836124773005474,-0.24510419062123964,0.19548398788082844,0.0,0.0,0.0,1.0
1750186418.3228858,2.3805152263930136,-0.24797308877399793,0.2137958712989318,0.0,0.0,0.0,1.0
1750186418.35481,2.3951250059468547,-0.25367387758195237,0.21720074492851413,0.0,0.0,0.0,1.0
1750186418.4673295,2.3895149541018497,-0.2547950329260378,0.2212022506354576,0.0,0.0,0.0,1.0
1750186418.5705934,2.3968928035888437,-0.2620696216658771,0.23877602765261596,0.0,0.0,0.0,1.0
1750186418.6687372,2.3876402200933797,-0.26637915567931697,0.24350217475223823,0.0,0.0,0.0,1.0
1750186418.8219838,2.3952975085766703,-0.27720549314583376,0.24857938161470514,0.0,0.0,0.0,1.0
1750186418.8773274,2.392788744734659,-0.28140330937073876,0.2639884962719216,0.0,0.0,0.0,1.0
1750186418.970496,2.385906696701783,-0.2860584200238349,0.2525018005343157,0.0,0.0,0.0,1.0
1750186419.0578787,2.3794755916532533,-0.2919909369451827,0.2590475787607521,0.0,0.0,0.0,1.0
1750186419.1742046,2.3876553574819623,-0.2963813828320753,0.24815814164663935,0.0,0.0,0.0,1.0
1750186419.3263268,2.3834417690603056,-0.29992983270790174,0.2320347053986601,0.0,0.0,0.0,1.0
1750186419.3550396,2.3825975362650413,-0.3037126727037243,0.2241779399393657,0.0,0.0,0.0,1.0
1750186419.4674804,2.387264777051922,-0.3136806146319516,0.21092053962733923,0.0,0.0,0.0,1.0
1750186419.5627253,2.3862607332101295,-0.3193139827730419,0.2167052614916079,0.0,0.0,0.0,1.0
1750186419.658414,2.391675574156627,-0.32537493995099653,0.21054448920494276,0.0,0.0,0.0,1.0
1750186419.8291175,2.3948331231213498,-0.329858545585863,0.2056052279670661,0.0,0.0,0.0,1.0
1750186419.8545232,2.396421789071989,-0.33180437052122475,0.20318215226238034,0.0,0.0,0.0,1.0
1750186419.9609036,2.3931769023798353,-0.34158435219831024,0.20640620550804728,0.0,0.0,0.0,1.0
1750186420.0631287,2.400529871763075,-0.34418630783209847,0.21297601981468556,0.0,0.0,0.0,1.0
1750186420.2404094,2.411950491396171,-0.3559319703139339,0.20986572265997144,0.0,0.0,0.0,1.0
1750186420.2674935,2.4179710516689803,-0.36197314544350273,0.2082243536916655,0.0,0.0,0.0,1.0
1750186420.363485,2.409382069578437,-0.38582773470386295,0.2078790132364009,0.0,0.0,0.0,1.0
1750186420.4655216,2.401416745349147,-0.4084910019753217,0.21068193908544314,0.0,0.0,0.0,1.0
1750186420.5681489,2.3951655676000474,-0.43345449389906693,0.20085485047067006,0.0,0.0,0.0,1.0
1750186420.726796,2.4022274992560733,-0.45892014711919143,0.20374933166522535,0.0,0.0,0.0,1.0
1750186420.7549174,2.413295771784571,-0.4846385819968843,0.19919080438226563,0.0,0.0,0.0,1.0
1750186420.8682458,2.4097953457017898,-0.5141631579946816,0.19830318202446193,0.0,0.0,0.0,1.0
1750186420.967927,2.418418654817724,-0.5425588963450342,0.19788796735505412,0.0,0.0,0.0,1.0
1750186421.0663645,2.4293067356428377,-0.5733586664941458,0.19120380129688186,0.0,0.0,0.0,1.0
1750186421.2261927,2.4325705217410416,-0.6164303429650702,0.18881575641104223,0.0,0.0,0.0,1.0
1750186421.2552972,2.432459637259892,-0.6552839652652812,0.18054076647579215,0.0,0.0,0.0,1.0
1750186421.3738146,2.444255736843448,-0.6961772165241021,0.18995412449372528,0.0,0.0,0.0,1.0
1750186421.4640002,2.446506786251532,-0.7460089035757622,0.17713759235719795,0.0,0.0,0.0,1.0
1750186421.574289,2.451137519906257,-0.7856654281097946,0.18687962201213093,0.0,0.0,0.0,1.0
1750186421.7168677,2.456089793554696,-0.8336340888019319,0.17400857687836935,0.0,0.0,0.0,1.0
1750186421.766,2.4594533088596964,-0.8804406741971361,0.17506937287826038,0.0,0.0,0.0,1.0
1750186421.8637903,2.4645354817685945,-0.9304592187068343,0.1833571967956254,0.0,0.0,0.0,1.0
1750186421.9674644,2.473731772335042,-0.9810073411213209,0.16837880904600788,0.0,0.0,0.0,1.0
1750186422.12289,2.4770760754217576,-1.0276170433963714,0.17861310996722524,0.0,0.0,0.0,1.0
1750186422.1571343,2.487586390961732,-1.0806540010155783,0.18206794306785842,0.0,0.0,0.0,1.0
1750186422.2590332,2.48819385177765,-1.1340835177741877,0.18270398547166167,0.0,0.0,0.0,1.0
1750186422.3616314,2.5085550606061315,-1.1799794082785062,0.18249590556885154,0.0,0.0,0.0,1.0
1750186422.4634671,2.5212013980592114,-1.2342748733545679,0.17591180071201545,0.0,0.0,0.0,1.0
1750186422.651636,2.532142593355736,-1.293370986039051,0.17982573030134716,0.0,0.0,0.0,1.0
1750186422.6804826,2.5380053257699426,-1.3249949311912892,0.18198011550310877,0.0,0.0,0.0,1.0
1750186422.7679524,2.5473489150062467,-1.3755441560005535,0.1835445234407682,0.0,0.0,0.0,1.0
1750186422.861138,2.5564377629845554,-1.4219003781703665,0.16900582212660623,0.0,0.0,0.0,1.0
1750186422.96661,2.565453969010178,-1.4516010772473777,0.17095985843728012,0.0,0.0,0.0,1.0
1750186423.139298,2.573847833287421,-1.4874123470802467,0.15931483715532094,0.0,0.0,0.0,1.0
1750186423.1848347,2.577962548608278,-1.5046377212999769,0.15315495912534072,0.0,0.0,0.0,1.0
1750186423.26681,2.5912752041864597,-1.5172322150804614,0.14649972299702102,0.0,0.0,0.0,1.0
1750186423.3781924,2.5990446792007575,-1.5279301005178356,0.14465591642490538,0.0,0.0,0.0,1.0
1750186423.4696455,2.610735213265421,-1.5420618742357486,0.13752303368628876,0.0,0.0,0.0,1.0
1750186423.6272671,2.615776977049954,-1.547851208736139,0.15315100785650457,0.0,0.0,0.0,1.0
1750186423.6561024,2.6283225754846518,-1.5512977939778885,0.1361441091056034,0.0,0.0,0.0,1.0
1750186423.7650084,2.633736988814278,-1.5572300783210933,0.13898494469382447,0.0,0.0,0.0,1.0
1750186423.863209,2.643233340693301,-1.5517971317076162,0.1273715729172886,0.0,0.0,0.0,1.0
1750186424.0357301,2.64481135087185,-1.5515916404310672,0.1441331247255815,0.0,0.0,0.0,1.0
1750186424.062329,2.6451903611320486,-1.5506755499842448,0.15318587937933878,0.0,0.0,0.0,1.0
1750186424.168586,2.6534006694051375,-1.5391130866407359,0.14655904478564027,0.0,0.0,0.0,1.0
1750186424.2642357,2.6566426177352698,-1.5301173551883898,0.14755820438593786,0.0,0.0,0.0,1.0
1750186424.3682878,2.6634973777911646,-1.5123966403521591,0.13227641974724533,0.0,0.0,0.0,1.0
1750186424.5220053,2.6719054540030345,-1.4909709670094715,0.13983256329670193,0.0,0.0,0.0,1.0
1750186424.561293,2.6717428936316017,-1.4557577910033441,0.12823085649406565,0.0,0.0,0.0,1.0
1750186424.663382,2.6726923886227545,-1.4247117639411058,0.13003934943988585,0.0,0.0,0.0,1.0
1750186424.7757342,2.6730510024637746,-1.377301301563856,0.12422984592447535,0.0,0.0,0.0,1.0
1750186424.8631945,2.6754044858465327,-1.3282730354309196,0.1259716165838117,0.0,0.0,0.0,1.0
1750186425.0442255,2.6803768311403138,-1.2776309270548372,0.1234029353550795,0.0,0.0,0.0,1.0
1750186425.0744185,2.6829155486681557,-1.251164633764747,0.12208608045841894,0.0,0.0,0.0,1.0
1750186425.1682782,2.6844767207767064,-1.170799220791128,0.12278272575934596,0.0,0.0,0.0,1.0
1750186425.2681522,2.680452905825288,-1.1045130527378604,0.10060892594789,0.0,0.0,0.0,1.0
1750186425.3662906,2.6827842178452608,-1.0215195551072382,0.1100063044511713,0.0,0.0,0.0,1.0
1750186425.5302792,2.6832631156278075,-0.9462594161738752,0.10984092043536445,0.0,0.0,0.0,1.0
1750186425.5582168,2.6833587962334984,-0.9099976132586728,0.10991865712461826,0.0,0.0,0.0,1.0
1750186425.666274,2.6729848247693386,-0.8128140624448114,0.10890650286314663,0.0,0.0,0.0,1.0
1750186425.7684808,2.6685383089458585,-0.7136147109089038,0.11883455433781943,0.0,0.0,0.0,1.0
1750186425.9247441,2.6637589184109527,-0.621557145085267,0.11214162610294176,0.0,0.0,0.0,1.0
1750186425.963378,2.662783237468825,-0.5269198742464849,0.11619774990189857,0.0,0.0,0.0,1.0
1750186426.0733683,2.652566531834024,-0.4337946280371541,0.11048743582066278,0.0,0.0,0.0,1.0
1750186426.1671574,2.6415956674469596,-0.3426541440195064,0.1121529933059816,0.0,0.0,0.0,1.0
1750186426.2714243,2.6385573010071606,-0.24296762968538943,0.11141537382319652,0.0,0.0,0.0,1.0
1750186426.4260368,2.6320916267323122,-0.15349833155958942,0.09963107924151506,0.0,0.0,0.0,1.0
1750186426.4552884,2.624412374377709,-0.050629514084048935,0.10574199502009488,0.0,0.0,0.0,1.0
1750186426.571993,2.621810541210433,0.03571327741442669,0.09920870516180344,0.0,0.0,0.0,1.0
1750186426.664246,2.6105289957449886,0.13044175127845561,0.1095932411099536,0.0,0.0,0.0,1.0
1750186426.7648265,2.6016900773000873,0.22244100700936392,0.10498452180040044,0.0,0.0,0.0,1.0
1750186426.9274,2.5941909031161665,0.3126927039840412,0.10935368833129826,0.0,0.0,0.0,1.0
1750186426.9547029,2.5969297437183148,0.3821619058211506,0.08931093487677343,0.0,0.0,0.0,1.0
1750186427.0647743,2.587136379484761,0.44595116395340567,0.08540372200622683,0.0,0.0,0.0,1.0
1750186427.1712646,2.592624864718321,0.5015257229536396,0.0935318635922508,0.0,0.0,0.0,1.0
1750186427.2668648,2.5828892897530467,0.5591807193092423,0.09087608295205232,0.0,0.0,0.0,1.0
1750186427.4141698,2.5730420984970115,0.6079539422828719,0.10066618534851654,0.0,0.0,0.0,1.0
1750186427.4558146,2.5770045663958583,0.6526094420635208,0.10339705629277207,0.0,0.0,0.0,1.0
1750186427.560821,2.5736391552162,0.6850951018816231,0.10929839827274239,0.0,0.0,0.0,1.0
1750186427.6650026,2.5679155622734426,0.7105523181659735,0.10280459678284047,0.0,0.0,0.0,1.0
1750186427.8222787,2.5651472607793813,0.734161314005554,0.10459824506271297,0.0,0.0,0.0,1.0
1750186427.8614168,2.5596823866863514,0.7424060341440311,0.10939144973939455,0.0,0.0,0.0,1.0
1750186427.969137,2.5565123173913045,0.7515708075971155,0.10006033593263895,0.0,0.0,0.0,1.0
1750186428.0721357,2.553553461636488,0.7552755722594836,0.1072637755599453,0.0,0.0,0.0,1.0
1750186428.1668005,2.5536927964895666,0.7527420006045987,0.10728332723823968,0.0,0.0,0.0,1.0
1750186428.323926,2.548822688304129,0.752100614270052,0.09724765121606277,0.0,0.0,0.0,1.0
1750186428.355473,2.5499057807445573,0.7454990726183474,0.08460112020322481,0.0,0.0,0.0,1.0
1750186428.4603062,2.5490819558578566,0.7422965203753281,0.08503899980393811,0.0,0.0,0.0,1.0
1750186428.5692716,2.5426560012257564,0.7420551807876529,0.0789153989170264,0.0,0.0,0.0,1.0
1750186428.6690044,2.5474108820327404,0.7437985385080377,0.08648349861425095,0.0,0.0,0.0,1.0
1750186428.8244934,2.544970777726094,0.7478039525479535,0.08968778474173003,0.0,0.0,0.0,1.0
1750186428.854735,2.5412086390847732,0.7506936403947208,0.09026196115555762,0.0,0.0,0.0,1.0
1750186428.962194,2.534988707286691,0.7578524790027187,0.08694624758910707,0.0,0.0,0.0,1.0
1750186429.0679507,2.526886573770894,0.7761323488807628,0.07963539217122187,0.0,0.0,0.0,1.0
1750186429.164204,2.534885230492648,0.7939467706693893,0.08206773213973073,0.0,0.0,0.0,1.0
1750186429.3271909,2.5298642862588094,0.8087556011054091,0.059573166079704296,0.0,0.0,0.0,1.0
1750186429.3557155,2.5296633132112207,0.831867689311847,0.05818718772710329,0.0,0.0,0.0,1.0
1750186429.461793,2.52985087383146,0.8559462476572461,0.05768080697030749,0.0,0.0,0.0,1.0
1750186429.562451,2.5204038516691347,0.8879933177098627,0.0571455946878655,0.0,0.0,0.0,1.0
1750186429.718526,2.5204505016044205,0.9197556685263005,0.05795260412453518,0.0,0.0,0.0,1.0
1750186429.7671778,2.528323264406641,0.9432095812229144,0.052829803390214244,0.0,0.0,0.0,1.0
1750186429.8662932,2.5280353305173593,0.95103503096245,0.035134844719091354,0.0,0.0,0.0,1.0
1750186429.9662848,2.5343720191028694,0.96694281372893,0.04279182566855136,0.0,0.0,0.0,1.0
1750186430.0636322,2.532867201618521,0.9718877925016287,0.0436548006068737,0.0,0.0,0.0,1.0
1750186430.2342868,2.525300447788754,0.9791430293217102,0.05302788404388524,0.0,0.0,0.0,1.0
1750186430.2610474,2.5213166492192443,0.9820527826026159,0.05810181896378873,0.0,0.0,0.0,1.0
1750186430.3667603,2.524015084733851,0.9813158632758181,0.054417956346850496,0.0,0.0,0.0,1.0
1750186430.4723542,2.5343577352747886,0.9792492832303163,0.05152672732990111,0.0,0.0,0.0,1.0
1750186430.5661626,2.543126272250109,0.9765445931294093,0.044991278415029215,0.0,0.0,0.0,1.0
1750186430.7262726,2.533203998345015,0.9821870846377756,0.038406100590808276,0.0,0.0,0.0,1.0
1750186430.7553103,2.5463185279848792,0.9759048077172988,0.040563865508470104,0.0,0.0,0.0,1.0
1750186430.8678076,2.543731270782826,0.9834915834181127,0.027747682070486078,0.0,0.0,0.0,1.0
1750186430.9655948,2.554617726884534,0.9786425160539587,0.031242627031859795,0.0,0.0,0.0,1.0
1750186431.0671482,2.555309571403432,0.9771125120418461,0.031517542927085425,0.0,0.0,0.0,1.0
1750186431.2272477,2.5674170091786466,0.9747510397191215,0.022893447404826198,0.0,0.0,0.0,1.0
1750186431.2586002,2.5683652511427995,0.9804660094402751,0.031783895331474576,0.0,0.0,0.0,1.0
1750186431.3667483,2.5749119582597846,0.978432351719404,0.026457169365731992,0.0,0.0,0.0,1.0
1750186431.467925,2.570654347953335,0.9849791580044787,0.030190262741605092,0.0,0.0,0.0,1.0
1750186431.6189756,2.5688596346052743,0.9893144921300147,0.02675126369800756,0.0,0.0,0.0,1.0
1750186431.65543,2.562413967220318,0.9922654066534957,0.02087344467366647,0.0,0.0,0.0,1.0
1750186431.765094,2.5635302321869733,0.9976454635236668,0.013085923683411795,0.0,0.0,0.0,1.0
1750186431.8662515,2.5565067909953587,0.9973452823588078,0.009368013397441973,0.0,0.0,0.0,1.0
1750186431.9686875,2.5568916375632376,1.0022005586214582,0.005715135969312622,0.0,0.0,0.0,1.0
1750186432.1277668,2.5540610715559393,1.0031174181072093,0.001300175645855148,0.0,0.0,0.0,1.0
1750186432.157233,2.5564892229460257,0.9984190326938892,-0.0018966151860270765,0.0,0.0,0.0,1.0
1750186432.2669585,2.556212540027077,1.007357735531545,0.0025138578965256822,0.0,0.0,0.0,1.0
1750186432.365049,2.5493080888075155,1.0049227026021776,0.0004273838895471492,0.0,0.0,0.0,1.0
1750186432.4614413,2.5451640981583554,1.0074724225960443,0.011458944207479848,0.0,0.0,0.0,1.0
1750186432.6293757,2.5427294978276143,1.0073967507949069,0.003176052811217094,0.0,0.0,0.0,1.0
1750186432.65549,2.5415822042828777,1.0072166352382768,-0.0011228099745297935,0.0,0.0,0.0,1.0
1750186432.7603476,2.541842287463249,1.0113302660718957,0.0022466019640460227,0.0,0.0,0.0,1.0
1750186432.8689365,2.5359694137228095,1.0118003163273903,0.013031908309564128,0.0,0.0,0.0,1.0
1750186432.969369,2.526950032686284,1.013151125500099,0.019698401439995707,0.0,0.0,0.0,1.0
1750186433.1243536,2.52815613588683,1.0114165295430002,0.014970635189922426,0.0,0.0,0.0,1.0
1750186433.1549592,2.5153869631943686,1.0136830918351505,0.01837360505586736,0.0,0.0,0.0,1.0
1750186433.2667243,2.5191269769892237,1.0117006279014966,-0.0034787066850246427,0.0,0.0,0.0,1.0
1750186433.3694203,2.515819968597066,1.0153846528219543,0.0030227757336085802,0.0,0.0,0.0,1.0
1750186433.52097,2.513910686098088,1.0125988445991432,-0.005188530964136582,0.0,0.0,0.0,1.0
1750186433.5600274,2.510845924471471,1.011416185261125,-0.008282594441097765,0.0,0.0,0.0,1.0
1750186433.6699893,2.5052396392369687,1.0100409104115178,-0.0006427357377317231,0.0,0.0,0.0,1.0
1750186433.7667742,2.5048091183219316,1.0122143587734995,-0.006742523963604882,0.0,0.0,0.0,1.0
1750186433.8621066,2.5009786407718932,1.0139624845590698,-0.0012689892403309538,0.0,0.0,0.0,1.0
1750186434.021176,2.509335644595339,1.0155884333169845,-0.004384366788366222,0.0,0.0,0.0,1.0
1750186434.056177,2.5062055614731373,1.0181521159431517,-0.009891611249612648,0.0,0.0,0.0,1.0
1750186434.1613848,2.51099277936402,1.022770895535387,-0.00473987659502435,0.0,0.0,0.0,1.0
1750186434.2692406,2.507598265576765,1.0252319298785655,-0.008966657339374363,0.0,0.0,0.0,1.0
1750186434.3671348,2.5179912345777917,1.0283180841620154,0.001245591694838141,0.0,0.0,0.0,1.0
1750186434.533098,2.5173596449870517,1.0333217304100326,0.0068727343611942405,0.0,0.0,0.0,1.0
1750186434.559144,2.516982350649674,1.0358311251069032,0.009787099435369134,0.0,0.0,0.0,1.0
1750186434.6699805,2.530265840798965,1.0383291050068029,0.017812093423453874,0.0,0.0,0.0,1.0
1750186434.77761,2.5564788627727957,1.04585882925981,-0.0017494092640500877,0.0,0.0,0.0,1.0
1750186434.865665,2.5719451094627694,1.0549002470202702,0.005089561819753557,0.0,0.0,0.0,1.0
1750186435.0219815,2.589921916894879,1.0574912806074253,-0.0037044785968160234,0.0,0.0,0.0,1.0
1750186435.0551686,2.6154474401383028,1.063138492696587,-0.014055545783270632,0.0,0.0,0.0,1.0
1750186435.1707964,2.6302026836153667,1.0636021963926665,-0.0054063552474341945,0.0,0.0,0.0,1.0
1750186435.2753563,2.6613737745150234,1.0639443783169282,-0.013456043731611075,0.0,0.0,0.0,1.0
1750186435.4167943,2.691130674103663,1.0687141434662566,-0.0015569655127026499,0.0,0.0,0.0,1.0
1750186435.4565043,2.7170373918798156,1.0774293193487692,-0.004792657944503514,0.0,0.0,0.0,1.0
1750186435.565275,2.74951104810338,1.0793576123110058,0.006023313985172682,0.0,0.0,0.0,1.0
1750186435.6606362,2.7871628960262442,1.084444779486581,0.006742038690520254,0.0,0.0,0.0,1.0
1750186435.764959,2.8155711589390275,1.0930443459218449,0.011234894489954622,0.0,0.0,0.0,1.0
1750186435.921322,2.855805628184753,1.084164723675421,0.011700063456460208,0.0,0.0,0.0,1.0
1750186435.959602,2.8907613263157903,1.091816074983274,0.013142835928237473,0.0,0.0,0.0,1.0
1750186436.068895,2.930622448644185,1.094560765927703,0.021036676027788116,0.0,0.0,0.0,1.0
1750186436.162429,2.9717227839649554,1.0997023544972815,0.03074712241533364,0.0,0.0,0.0,1.0
1750186436.2754014,3.018205955233332,1.104026234178969,0.016354507002711276,0.0,0.0,0.0,1.0
1750186436.4271793,3.0606247788480263,1.1098780740938092,0.016880933634021426,0.0,0.0,0.0,1.0
1750186436.455198,3.110033161689651,1.1069687014220515,0.008318318111047331,0.0,0.0,0.0,1.0
1750186436.5711367,3.149503781618344,1.1090535854735004,0.007926141274390662,0.0,0.0,0.0,1.0
1750186436.666135,3.1953189713110435,1.1202026513290275,0.018599818551335072,0.0,0.0,0.0,1.0
1750186436.7684796,3.2444709719965488,1.1277375918456582,0.013586378282396061,0.0,0.0,0.0,1.0
1750186436.9352412,3.284830601282842,1.1203276720640216,0.02232827782690837,0.0,0.0,0.0,1.0
1750186436.961248,3.3038487315870855,1.1161684792569309,0.026921903906929414,0.0,0.0,0.0,1.0
1750186437.0645845,3.350470794248168,1.1176638405175063,0.01944126145527928,0.0,0.0,0.0,1.0
1750186437.1705275,3.375684730670634,1.12067777849024,0.009259952729699485,0.0,0.0,0.0,1.0
1750186437.3222103,3.408343944468655,1.1247517361461756,0.01265559232117162,0.0,0.0,0.0,1.0
1750186437.3587186,3.4274737228733914,1.1249323465893284,0.010682974535151421,0.0,0.0,0.0,1.0
1750186437.4687657,3.439824402970798,1.1242474090258872,0.024881726783602717,0.0,0.0,0.0,1.0
1750186437.5764487,3.453172828235556,1.1249606992431371,0.017533163015468763,0.0,0.0,0.0,1.0
1750186437.66412,3.4531975690939056,1.1196435958425663,0.027590066707984973,0.0,0.0,0.0,1.0
1750186437.8263016,3.4491883038745312,1.1215185883032206,0.03169685799616418,0.0,0.0,0.0,1.0
1750186437.856146,3.4570766859279347,1.120118374589438,0.017465261110987472,0.0,0.0,0.0,1.0
1750186437.9670913,3.438598745648263,1.1156616403550916,0.01445202502110148,0.0,0.0,0.0,1.0
1750186438.0685616,3.438423361068383,1.1237649478109204,0.007840825908533527,0.0,0.0,0.0,1.0
1750186438.1675935,3.4326279563618347,1.1208082178847787,-0.001070473295286616,0.0,0.0,0.0,1.0
1750186438.3171852,3.4312318490709663,1.1218489944729453,0.00207223915664651,0.0,0.0,0.0,1.0
1750186438.358281,3.4190238572864327,1.124913329119467,0.010748998402031437,0.0,0.0,0.0,1.0
1750186438.4670284,3.4180072266102877,1.1319634049660103,0.02547016426634909,0.0,0.0,0.0,1.0
1750186438.5678644,3.4151690347789656,1.1410547877242385,0.027505230249803114,0.0,0.0,0.0,1.0
1750186438.6674054,3.410910283240986,1.1412825841390803,0.029814159857628936,0.0,0.0,0.0,1.0
1750186438.8432941,3.401867272995351,1.145263137143818,0.020037819514333845,0.0,0.0,0.0,1.0
1750186438.8688152,3.3969841302763535,1.1473146022101344,0.014718928648521522,0.0,0.0,0.0,1.0
1750186438.968733,3.396201443468408,1.1533793198985347,0.008923521174926388,0.0,0.0,0.0,1.0
1750186439.0681489,3.407049695676945,1.157604462664662,0.00554862745322234,0.0,0.0,0.0,1.0
1750186439.2251146,3.401078609891817,1.1636588240042052,0.007818422648262158,0.0,0.0,0.0,1.0
1750186439.2584133,3.4104009640036486,1.1622993524650893,0.01776862387549767,0.0,0.0,0.0,1.0
1750186439.3690147,3.407947442458383,1.1600192308718669,-0.0008912690687808006,0.0,0.0,0.0,1.0
1750186439.4680853,3.4130532170584598,1.161377475015404,0.013873601664377172,0.0,0.0,0.0,1.0
1750186439.5682378,3.4082642819758613,1.171715565320663,-0.0009825819256957039,0.0,0.0,0.0,1.0
1750186439.726821,3.4219170894779083,1.1704281809568957,-0.0011345155566238178,0.0,0.0,0.0,1.0
1750186439.7586095,3.412333416939153,1.177753355815183,0.00530370662021408,0.0,0.0,0.0,1.0
1750186439.8633463,3.424585027231267,1.1790867681153465,-0.003506051812551765,0.0,0.0,0.0,1.0
1750186439.9697194,3.4165447896059047,1.1829206600641662,-0.0003806409772963825,0.0,0.0,0.0,1.0
1750186440.0587761,3.415028389621909,1.1852343505030938,0.0015484253477243768,0.0,0.0,0.0,1.0
1750186440.2214143,3.4158519327587507,1.1866920066069953,0.001163428546191056,0.0,0.0,0.0,1.0
1750186440.2562728,3.421124463312641,1.1896664929038654,0.005279385051349883,0.0,0.0,0.0,1.0
1750186440.3664541,3.422280324960033,1.1942819714250876,0.01022969146069018,0.0,0.0,0.0,1.0
1750186440.487283,3.4216149808646383,1.1930674013290508,0.009454505937677667,0.0,0.0,0.0,1.0
1750186440.5591586,3.4274396019173032,1.1897627610711499,0.0078055338755314875,0.0,0.0,0.0,1.0
1750186440.7124808,3.4208809959183606,1.1879702817464155,0.0045069772581602194,0.0,0.0,0.0,1.0
1750186440.7574613,3.4283503125576082,1.1848402250762642,0.008684582856993538,0.0,0.0,0.0,1.0
1750186440.8676407,3.438346277926169,1.1852050801641318,-0.0019081731847572694,0.0,0.0,0.0,1.0
1750186440.9629672,3.4270012090604434,1.1714442313874827,0.0008822134538204445,0.0,0.0,0.0,1.0
1750186441.1256552,3.4366072566631294,1.1637769829354794,-0.004978531274275271,0.0,0.0,0.0,1.0
1750186441.1571794,3.430998372843148,1.158212008929236,-0.003791728528384902,0.0,0.0,0.0,1.0
1750186441.2580347,3.43706584498308,1.1384486698930028,-0.011121298459511014,0.0,0.0,0.0,1.0
1750186441.3713036,3.445906879276813,1.1275832467823903,-0.013310254960151261,0.0,0.0,0.0,1.0
1750186441.4687772,3.4434989028317853,1.1154357359696065,-0.008794063451338374,0.0,0.0,0.0,1.0
1750186441.6274662,3.4400805834829375,1.1053614359033503,-0.015281781435741274,0.0,0.0,0.0,1.0
1750186441.658163,3.4520008827663506,1.0842874878229414,-0.0106601219774104,0.0,0.0,0.0,1.0
1750186441.7701185,3.4511540076301945,1.0611342351308044,-0.0169139443093316,0.0,0.0,0.0,1.0
1750186441.8698528,3.449855176696347,1.0462041920456586,-0.024759977217899132,0.0,0.0,0.0,1.0
1750186441.9686022,3.4553602303984587,1.0250209481873938,-0.02439867615354522,0.0,0.0,0.0,1.0
1750186442.1223738,3.4685269829889074,0.995900430353009,-0.0319416647833332,0.0,0.0,0.0,1.0
1750186442.1553297,3.4716969772616593,0.9713488497395794,-0.03148579962411977,0.0,0.0,0.0,1.0
1750186442.2573261,3.4798121153376798,0.9552454327768147,-0.034004883141835356,0.0,0.0,0.0,1.0
1750186442.3691933,3.4838514054900167,0.9305931058246387,-0.03668042370754959,0.0,0.0,0.0,1.0
1750186442.4641936,3.495779326756598,0.8967870695505512,-0.023582747932210185,0.0,0.0,0.0,1.0
1750186442.6863446,3.5008680520437876,0.8750893614281733,-0.04449217039190842,0.0,0.0,0.0,1.0
1750186442.7124884,3.504126007720094,0.8613514678072571,-0.05673279253889782,0.0,0.0,0.0,1.0
1750186442.7555807,3.5076513755963057,0.8415736639215838,-0.05551648544446786,0.0,0.0,0.0,1.0
1750186442.866887,3.5101133073401067,0.8046270057391528,-0.04435032354546324,0.0,0.0,0.0,1.0
1750186443.040793,3.520267121527379,0.76964942031496,-0.058134743119272685,0.0,0.0,0.0,1.0
1750186443.0733776,3.5255545293898436,0.7517444427081601,-0.06551192737152867,0.0,0.0,0.0,1.0
1750186443.1663783,3.5361271275820476,0.7096329797988199,-0.05806458013573781,0.0,0.0,0.0,1.0
1750186443.2651446,3.5495190452138994,0.6729233435266349,-0.058792189054319786,0.0,0.0,0.0,1.0
1750186443.3721578,3.5637224929736266,0.643284911423926,-0.0495163871155622,0.0,0.0,0.0,1.0
1750186443.5383503,3.5728521035019436,0.603360698711756,-0.059088350142248953,0.0,0.0,0.0,1.0
1750186443.5644228,3.5772949668871994,0.5835186996499185,-0.06414461399473358,0.0,0.0,0.0,1.0
1750186443.6650815,3.596295352095775,0.5467008024727503,-0.07046878355308885,0.0,0.0,0.0,1.0
1750186443.7642903,3.6169955353299907,0.5254013908840909,-0.07080653451318451,0.0,0.0,0.0,1.0
1750186443.8633063,3.630804931021811,0.48578300153683385,-0.06520881216805649,0.0,0.0,0.0,1.0
1750186444.020518,3.6403592014997455,0.44789602516433746,-0.058838871854373004,0.0,0.0,0.0,1.0
1750186444.0583403,3.6552102478496917,0.41369578268200397,-0.06438075071211559,0.0,0.0,0.0,1.0
1750186444.1644914,3.666911396131407,0.3777226461255083,-0.06305194503053324,0.0,0.0,0.0,1.0
1750186444.2660959,3.6788977641699456,0.342256761864366,-0.06982510932420877,0.0,0.0,0.0,1.0
1750186444.3688955,3.689958435369482,0.3066115577107644,-0.07472807398770218,0.0,0.0,0.0,1.0
1750186444.5285308,3.7039105041402975,0.27495249986961057,-0.07896486570784918,0.0,0.0,0.0,1.0
1750186444.5562005,3.715001366517017,0.24325978588002173,-0.08750184161749094,0.0,0.0,0.0,1.0
1750186444.6697414,3.722051235936673,0.19933205704596435,-0.0903833784590267,0.0,0.0,0.0,1.0
1750186444.7674923,3.7375651202336027,0.17195351624799549,-0.08706162469307788,0.0,0.0,0.0,1.0
1750186444.9312708,3.750926593662727,0.13586813536492703,-0.10117444806889926,0.0,0.0,0.0,1.0
1750186444.9581804,3.757142219934128,0.11917387749388447,-0.10839869228503649,0.0,0.0,0.0,1.0
1750186445.0663657,3.76502352714128,0.07260519917037987,-0.0959739869373602,0.0,0.0,0.0,1.0
1750186445.1616523,3.7720780813992354,0.033971660469278596,-0.10980245483896503,0.0,0.0,0.0,1.0
1750186445.2675226,3.7842615396238606,-0.006862673405166527,-0.1014686971675762,0.0,0.0,0.0,1.0
1750186445.4164166,3.792552974802035,-0.04182231379763336,-0.11071883193371625,0.0,0.0,0.0,1.0
1750186445.4674487,3.798028162272302,-0.08649577612706941,-0.10336878917142572,0.0,0.0,0.0,1.0
1750186445.5726297,3.803012223459391,-0.11505898851329172,-0.11227251335555294,0.0,0.0,0.0,1.0
1750186445.6606414,3.8211418887393394,-0.14528777318214753,-0.1159182161107317,0.0,0.0,0.0,1.0
1750186445.7664554,3.8256684318275527,-0.17299968500109572,-0.11607551085136221,0.0,0.0,0.0,1.0
1750186445.9190438,3.833476813699559,-0.20349391911807638,-0.12303879877637536,0.0,0.0,0.0,1.0
1750186445.9566092,3.849434455500575,-0.22610924996387052,-0.12538746350804025,0.0,0.0,0.0,1.0
1750186446.0792685,3.8523574251424693,-0.2587262467637593,-0.1241923202886728,0.0,0.0,0.0,1.0
1750186446.1705604,3.8476967331529317,-0.27852299265501057,-0.12628133324292135,0.0,0.0,0.0,1.0
1750186446.2682958,3.8494949831246195,-0.2954844057384266,-0.13742794380267556,0.0,0.0,0.0,1.0
1750186446.4292889,3.8600753132328025,-0.31038666638076706,-0.1313476683908217,0.0,0.0,0.0,1.0
1750186446.4559758,3.8651602628631885,-0.31623111190238357,-0.12793451374380257,0.0,0.0,0.0,1.0
1750186446.565999,3.8714879085459337,-0.320744926098042,-0.1364096154582307,0.0,0.0,0.0,1.0
1750186446.6616924,3.8721571519397617,-0.32175672316881665,-0.14614672373411144,0.0,0.0,0.0,1.0
1750186446.8248727,3.8643100117661753,-0.319339755151157,-0.1578516258422458,0.0,0.0,0.0,1.0
1750186446.86022,3.8678588419310453,-0.3121843308775508,-0.1712970999044665,0.0,0.0,0.0,1.0
1750186446.9694908,3.8613481912314382,-0.3047504947157304,-0.1722055312550498,0.0,0.0,0.0,1.0
1750186447.0632367,3.874063693889624,-0.30396584661524184,-0.18170421516059532,0.0,0.0,0.0,1.0
1750186447.1627004,3.868100070962657,-0.30096803700390684,-0.18250339813935165,0.0,0.0,0.0,1.0
1750186447.3376617,3.8760965750107745,-0.3017273313297977,-0.18026050532897891,0.0,0.0,0.0,1.0
1750186447.3643968,3.8802304578733797,-0.30188203114783957,-0.17882134993606658,0.0,0.0,0.0,1.0
1750186447.4683266,3.8800712778269095,-0.29776497181423217,-0.1600278525389587,0.0,0.0,0.0,1.0
1750186447.5604348,3.8842073654769464,-0.2928498948430054,-0.17767580126765437,0.0,0.0,0.0,1.0
1750186447.664687,3.8760103092243527,-0.3005993965552215,-0.1627145398204099,0.0,0.0,0.0,1.0
1750186447.820309,3.8724805384052163,-0.3016185404226638,-0.15723979640210625,0.0,0.0,0.0,1.0
1750186447.8573065,3.8643375281083925,-0.30372073399630023,-0.17031580728852694,0.0,0.0,0.0,1.0
1750186447.98658,3.858730900711848,-0.310251541820282,-0.16023824083865817,0.0,0.0,0.0,1.0
1750186448.0627048,3.8566946423743813,-0.3075056964159007,-0.16226277403663822,0.0,0.0,0.0,1.0
1750186448.1668205,3.855257956738022,-0.30977233308377494,-0.16227896067433034,0.0,0.0,0.0,1.0
1750186448.3254855,3.8464186035108012,-0.3124915696675636,-0.15698916219980596,0.0,0.0,0.0,1.0
1750186448.3547215,3.837303527937505,-0.31192486900970756,-0.15440538000368983,0.0,0.0,0.0,1.0
1750186448.4805284,3.83330888825513,-0.31853440808615857,-0.16907067572543807,0.0,0.0,0.0,1.0
1750186448.558321,3.828325439998494,-0.3194244414310832,-0.15828984124750897,0.0,0.0,0.0,1.0
1750186448.7188978,3.828070531632271,-0.3252965001199341,-0.1748923755449996,0.0,0.0,0.0,1.0
1750186448.7571242,3.823390820025113,-0.32693864134912326,-0.16775407346609372,0.0,0.0,0.0,1.0
1750186448.8592184,3.8281238812054452,-0.3282952749679666,-0.18899387197704243,0.0,0.0,0.0,1.0
1750186448.9708076,3.81795272050342,-0.33721076134381006,-0.18162917309086837,0.0,0.0,0.0,1.0
1750186449.0701928,3.8138137659119327,-0.34142377016127784,-0.20600890208703868,0.0,0.0,0.0,1.0
1750186449.2314115,3.8095401046678274,-0.35088888048948763,-0.2090515501498087,0.0,0.0,0.0,1.0
1750186449.2614326,3.8075395474410803,-0.35560551429015463,-0.21028477855507852,0.0,0.0,0.0,1.0
1750186449.3623085,3.7980277660289774,-0.36151818439686023,-0.21893300846458308,0.0,0.0,0.0,1.0
1750186449.4693031,3.795761876738356,-0.3538960215294703,-0.2225103767768627,0.0,0.0,0.0,1.0
1750186449.573158,3.7855657805350416,-0.3589694494640914,-0.23603298396736952,0.0,0.0,0.0,1.0
1750186449.7309697,3.773635080051375,-0.3591357996628081,-0.24480147734814042,0.0,0.0,0.0,1.0
1750186449.7575636,3.7677287641969968,-0.359017996646683,-0.248975389970544,0.0,0.0,0.0,1.0
1750186449.8646638,3.753290911979504,-0.36953358309390577,-0.2404221252008432,0.0,0.0,0.0,1.0
1750186449.9664626,3.7515017368452575,-0.3602690188784942,-0.23619178907812097,0.0,0.0,0.0,1.0
1750186450.0644403,3.7486384543047966,-0.3641414137820728,-0.2282032313274913,0.0,0.0,0.0,1.0
1750186450.244331,3.731872255864974,-0.3762202363279718,-0.211928395577149,0.0,0.0,0.0,1.0
1750186450.2785635,3.7230430833721635,-0.3826572667139167,-0.20313687357606194,0.0,0.0,0.0,1.0
1750186450.371717,3.7053124720582784,-0.3855573062800491,-0.20589728519853065,0.0,0.0,0.0,1.0
1750186450.466391,3.69589431667827,-0.38912708208833663,-0.21830624846847033,0.0,0.0,0.0,1.0
1750186450.6256952,3.6795377438362573,-0.3940166268609294,-0.21472643095114155,0.0,0.0,0.0,1.0
1750186450.658559,3.6629365772183506,-0.3978382322745847,-0.2330430783227301,0.0,0.0,0.0,1.0
1750186450.768163,3.6358852476619403,-0.4032146358705791,-0.2195395839493373,0.0,0.0,0.0,1.0
1750186450.8668368,3.620933314609007,-0.4097931030119129,-0.2260502268514421,0.0,0.0,0.0,1.0
1750186450.9652283,3.5957289330337048,-0.42514715785559104,-0.22445086081778132,0.0,0.0,0.0,1.0
1750186451.1363003,3.5736925504819372,-0.43746078312294884,-0.23043755458040444,0.0,0.0,0.0,1.0
1750186451.1633184,3.562839082408493,-0.44365557814514267,-0.23357006148559886,0.0,0.0,0.0,1.0
1750186451.2606845,3.5371913588677173,-0.45076521861487445,-0.22211273401009704,0.0,0.0,0.0,1.0
1750186451.366792,3.517714806595307,-0.46306243317680773,-0.22638083841543383,0.0,0.0,0.0,1.0
1750186451.460774,3.4893846112424503,-0.474261160717613,-0.22502189799990638,0.0,0.0,0.0,1.0
1750186451.6256442,3.465829179482522,-0.4793110842123519,-0.22471195874959524,0.0,0.0,0.0,1.0
1750186451.654375,3.43251921034823,-0.49329404651612146,-0.21992018393395885,0.0,0.0,0.0,1.0
1750186451.7674024,3.408868122411566,-0.4923277171883421,-0.2185217392245413,0.0,0.0,0.0,1.0
1750186451.871396,3.3788725530089248,-0.5030395359554887,-0.2041543237560766,0.0,0.0,0.0,1.0
1750186451.9702752,3.3562073472627825,-0.5129764927755197,-0.2041188678718124,0.0,0.0,0.0,1.0
1750186452.1373928,3.3267948351038608,-0.5252642529562935,-0.1922774381004675,0.0,0.0,0.0,1.0
1750186452.1644359,3.3123387679062146,-0.5313814021575384,-0.18612095542842086,0.0,0.0,0.0,1.0
1750186452.266657,3.27934654847698,-0.5316645959247207,-0.18917538581033763,0.0,0.0,0.0,1.0
1750186452.3644981,3.2464194231249848,-0.5549161556078362,-0.18025367729361105,0.0,0.0,0.0,1.0
1750186452.5232801,3.2227770365203297,-0.5676603080830394,-0.17977062439652383,0.0,0.0,0.0,1.0
1750186452.5677342,3.20037211117056,-0.5671386561467752,-0.17248428725935722,0.0,0.0,0.0,1.0
1750186452.6664345,3.1859313594229226,-0.578645792885878,-0.17792340829647865,0.0,0.0,0.0,1.0
1750186452.7644105,3.1648225772903458,-0.5842102228480216,-0.15835751970014633,0.0,0.0,0.0,1.0
1750186452.866836,3.135247079681794,-0.6023289208634354,-0.16298942771390593,0.0,0.0,0.0,1.0
1750186453.0367904,3.1067762043689124,-0.613612257513403,-0.14391698626438565,0.0,0.0,0.0,1.0
1750186453.0697331,3.0928897525853154,-0.6190947211047025,-0.13400325210974168,0.0,0.0,0.0,1.0
1750186453.1593676,3.0582198143960517,-0.636217581299961,-0.13715649338001945,0.0,0.0,0.0,1.0
1750186453.2645898,3.0286042878437276,-0.6502726165043842,-0.13560366922884756,0.0,0.0,0.0,1.0
1750186453.3661659,3.0064581021493173,-0.6666120014561562,-0.13362661737651935,0.0,0.0,0.0,1.0
1750186453.5240352,2.977502291768608,-0.6769708177275768,-0.12866684696892638,0.0,0.0,0.0,1.0
1750186453.5557997,2.9497675077272363,-0.6874883686537199,-0.12313550545525498,0.0,0.0,0.0,1.0
1750186453.6676614,2.922200954592033,-0.7038871163149842,-0.12208395375596447,0.0,0.0,0.0,1.0
1750186453.7722135,2.895442333082625,-0.7172805564783691,-0.13495502580094038,0.0,0.0,0.0,1.0
1750186453.8643572,2.874040799081886,-0.7305454923210122,-0.12230742468521896,0.0,0.0,0.0,1.0
1750186454.0464103,2.8501189100513518,-0.7407964133362881,-0.11663162706066282,0.0,0.0,0.0,1.0
1750186454.0724723,2.8379066179496175,-0.7459843878159648,-0.1136527528340802,0.0,0.0,0.0,1.0
1750186454.1731863,2.814093487412921,-0.7569018334275137,-0.1015729471479993,0.0,0.0,0.0,1.0
1750186454.2841322,2.7878331577309803,-0.7835768602836443,-0.10826512750535608,0.0,0.0,0.0,1.0
1750186454.4340122,2.757852341576309,-0.8002660774464847,-0.1099396927065534,0.0,0.0,0.0,1.0
1750186454.4654384,2.743444018174627,-0.8082732334858758,-0.11100090090857728,0.0,0.0,0.0,1.0
1750186454.5616915,2.722090140423449,-0.8197458023765515,-0.09884773226153858,0.0,0.0,0.0,1.0
1750186454.659791,2.6938860238985893,-0.8368679734858715,-0.10474824976556919,0.0,0.0,0.0,1.0
1750186454.7676356,2.668072451690338,-0.8437597443710371,-0.10228548635931702,0.0,0.0,0.0,1.0
1750186454.9377782,2.6439046061401967,-0.860623280153324,-0.0885713389107445,0.0,0.0,0.0,1.0
1750186454.9642158,2.6322395814237964,-0.868969985190239,-0.08139268968384808,0.0,0.0,0.0,1.0
1750186455.068733,2.6029350162682543,-0.8790237291157673,-0.07045227687589081,0.0,0.0,0.0,1.0
1750186455.163192,2.578825683392634,-0.89612510024313,-0.07235504601132595,0.0,0.0,0.0,1.0
1750186455.282632,2.5540353200887007,-0.911950755952836,-0.0665074839128661,0.0,0.0,0.0,1.0
1750186455.4242835,2.5270990769766803,-0.9191331406960682,-0.07166127628113317,0.0,0.0,0.0,1.0
1750186455.4579737,2.503483465025467,-0.9336989487776622,-0.07474172830008831,0.0,0.0,0.0,1.0
1750186455.5664642,2.477630516631648,-0.942485537809786,-0.0690153483133125,0.0,0.0,0.0,1.0
1750186455.66521,2.451859170513036,-0.9572007853964888,-0.0654589361646506,0.0,0.0,0.0,1.0
1750186455.768801,2.4264692347677763,-0.9688383164038492,-0.05803955070510927,0.0,0.0,0.0,1.0
1750186455.9361296,2.4035911537320525,-0.9815721724036274,-0.051121791792252964,0.0,0.0,0.0,1.0
1750186455.9634945,2.3927751751037873,-0.9876628686874165,-0.04764666049577017,0.0,0.0,0.0,1.0
1750186456.0661945,2.3653749623239233,-0.9977364054785905,-0.044642842242825595,0.0,0.0,0.0,1.0
1750186456.1643476,2.3387844643795597,-1.0082607449970318,-0.04926822514932276,0.0,0.0,0.0,1.0
1750186456.3284872,2.3137874553331845,-1.0159534670007324,-0.049618478317897584,0.0,0.0,0.0,1.0
1750186456.3555133,2.2886658748999538,-1.030142012295778,-0.0531958932330294,0.0,0.0,0.0,1.0
1750186456.4645324,2.2671397613049242,-1.0344756674232791,-0.0327339160994464,0.0,0.0,0.0,1.0
1750186456.568167,2.2445174182778738,-1.0380412423431693,-0.034868303421081645,0.0,0.0,0.0,1.0
1750186456.672371,2.217586420843775,-1.048668135320093,-0.022264846523531397,0.0,0.0,0.0,1.0
1750186456.8327467,2.1977744635879604,-1.0617274091684579,-0.024367176604955795,0.0,0.0,0.0,1.0
1750186456.8593135,2.1888193755315513,-1.068017221025439,-0.025745785555313327,0.0,0.0,0.0,1.0
1750186456.9653215,2.1664656203641384,-1.0686966133852658,-0.023807120922822764,0.0,0.0,0.0,1.0
1750186457.066381,2.1443181913061884,-1.0801266174517086,-0.025425816453579837,0.0,0.0,0.0,1.0
1750186457.1639922,2.1259741025546504,-1.088274674615127,-0.024314517751700626,0.0,0.0,0.0,1.0
1750186457.320384,2.1129022761461878,-1.0978064095256632,-0.014925177653316257,0.0,0.0,0.0,1.0
1750186457.3647566,2.1031323448327433,-1.1012166845411497,-0.005008060693189232,0.0,0.0,0.0,1.0
1750186457.4683783,2.0932561403808316,-1.0984869588676203,-0.008196868737610403,0.0,0.0,0.0,1.0
1750186457.5729897,2.089199675096803,-1.1003466403314688,0.005499571647476421,0.0,0.0,0.0,1.0
1750186457.663489,2.083558404768453,-1.1026983769094216,0.0030660908618810176,0.0,0.0,0.0,1.0
1750186457.8333156,2.0802933256524763,-1.1060327673853896,0.012229990784024987,0.0,0.0,0.0,1.0
1750186457.8599863,2.0793781127700623,-1.1074843855438679,0.01682913596568829,0.0,0.0,0.0,1.0
1750186457.9635794,2.076009959024447,-1.1015095555811876,0.005864239152568843,0.0,0.0,0.0,1.0
1750186458.0643425,2.073794421735586,-1.1042737137558614,0.008045714194142878,0.0,0.0,0.0,1.0
1750186458.2255492,2.072049793198508,-1.1051281135359559,-0.0013469422980394562,0.0,0.0,0.0,1.0
1750186458.2565656,2.0680861817127116,-1.1068099210851599,-0.0003357600681575618,0.0,0.0,0.0,1.0
1750186458.371799,2.06695588110867,-1.1057319687848173,-0.0024484660787701786,0.0,0.0,0.0,1.0
1750186458.4780052,2.0629028245380487,-1.1053112779147676,0.004143602409237493,0.0,0.0,0.0,1.0
1750186458.5672383,2.0607684694799766,-1.109085681019238,0.007103316723079235,0.0,0.0,0.0,1.0
1750186458.7485363,2.057371786434545,-1.11134488366,0.00785571420940612,0.0,0.0,0.0,1.0
1750186458.7764003,2.0556404551507725,-1.1125307210475077,0.00823388749483817,0.0,0.0,0.0,1.0
1750186458.8694618,2.04825054058214,-1.1116046200481093,0.007582510035381894,0.0,0.0,0.0,1.0
1750186458.9715729,2.0425741990623503,-1.1126886964055136,0.012859318512284092,0.0,0.0,0.0,1.0
1750186459.0654643,2.0367810253711953,-1.1175733559569752,0.022474464526864878,0.0,0.0,0.0,1.0
1750186459.217912,2.0285104707119745,-1.1139737909040373,0.02219899163867735,0.0,0.0,0.0,1.0
1750186459.2576587,2.0162619435317306,-1.1122932305491042,0.028122135940673587,0.0,0.0,0.0,1.0
1750186459.3690035,2.0049789526129205,-1.109002621357541,0.032152282240203986,0.0,0.0,0.0,1.0
1750186459.473315,1.994239283880281,-1.1065124271287092,0.04917722794100358,0.0,0.0,0.0,1.0
1750186459.5701847,1.9882905591715232,-1.105135955271013,0.04412423180509066,0.0,0.0,0.0,1.0
1750186459.7358227,1.9831645316114688,-1.0996316752805082,0.05898550465617409,0.0,0.0,0.0,1.0
1750186459.761277,1.9808652120645658,-1.0967580048709973,0.06662805050332174,0.0,0.0,0.0,1.0
1750186459.8642254,1.9722641070100984,-1.1023881677969167,0.07921794798718254,0.0,0.0,0.0,1.0
1750186459.968163,1.9759809858335922,-1.1081577422922246,0.07472149996946822,0.0,0.0,0.0,1.0
1750186460.126388,1.9700045733630736,-1.1133115062437695,0.08274440777237042,0.0,0.0,0.0,1.0
1750186460.155198,1.9645360527970546,-1.1107937049389889,0.08399641007218522,0.0,0.0,0.0,1.0
1750186460.264398,1.9627070677856797,-1.1156250308398452,0.09782991207761065,0.0,0.0,0.0,1.0
1750186460.3705149,1.9622286115919232,-1.1134983870038648,0.10209702472500846,0.0,0.0,0.0,1.0
1750186460.4713194,1.9588170439926915,-1.112696766052996,0.11435022798777114,0.0,0.0,0.0,1.0
1750186460.6229167,1.9561671133793783,-1.1138489146237252,0.11022835937001932,0.0,0.0,0.0,1.0
1750186460.6562781,1.9517155703775926,-1.1150319788564107,0.1292741336496627,0.0,0.0,0.0,1.0
1750186460.7658281,1.9477824168755746,-1.110488166816116,0.13420695535705884,0.0,0.0,0.0,1.0
1750186460.8704174,1.9396987619365151,-1.1099594255579401,0.14904962172382616,0.0,0.0,0.0,1.0
1750186460.9696436,1.9365876052146869,-1.102424064738429,0.14305693388015522,0.0,0.0,0.0,1.0
1750186461.128998,1.9279342026576651,-1.0934679829355034,0.15893327346137825,0.0,0.0,0.0,1.0
1750186461.1547902,1.9237315010662246,-1.0889010705032347,0.16677659873296793,0.0,0.0,0.0,1.0
1750186461.2764933,1.9113869490449977,-1.0756101851580375,0.17700279090163273,0.0,0.0,0.0,1.0
1750186461.3624275,1.9071758173256164,-1.0575920862729489,0.1807927183115219,0.0,0.0,0.0,1.0
1750186461.4669805,1.9007448770303903,-1.041260139799642,0.1887110254422499,0.0,0.0,0.0,1.0
1750186461.637116,1.8952604099319492,-1.021009486417509,0.1934953868068165,0.0,0.0,0.0,1.0
1750186461.6653297,1.8926328356847053,-1.0106597576027034,0.195676543092637,0.0,0.0,0.0,1.0
1750186461.7851844,1.880605128130066,-0.9811374053611019,0.21886747186467143,0.0,0.0,0.0,1.0
1750186461.873881,1.8779940692719785,-0.9528243877745431,0.20351081989841555,0.0,0.0,0.0,1.0
1750186462.0294163,1.8731783219448666,-0.9190564826066151,0.221184855196392,0.0,0.0,0.0,1.0
1750186462.0596516,1.87106910057635,-0.9025234304266301,0.2300409246352114,0.0,0.0,0.0,1.0
1750186462.1621945,1.8615021945294135,-0.8680929067397886,0.2309403427749429,0.0,0.0,0.0,1.0
1750186462.264804,1.8606632130004075,-0.8234962822117188,0.2269764223650883,0.0,0.0,0.0,1.0
1750186462.36858,1.8497272855713491,-0.7858252235294074,0.2308504359456888,0.0,0.0,0.0,1.0
1750186462.5252962,1.8458929767000702,-0.7436880161890332,0.23317415357238358,0.0,0.0,0.0,1.0
1750186462.5638072,1.8420011766883115,-0.7037830833492758,0.24376955113165577,0.0,0.0,0.0,1.0
1750186462.660957,1.8344627981538413,-0.6674152712925844,0.24966967744037574,0.0,0.0,0.0,1.0
1750186462.781443,1.8243923526466848,-0.6256323650220058,0.2618998561897232,0.0,0.0,0.0,1.0
1750186462.8672142,1.8157087810250505,-0.5864840921784585,0.2601669941528581,0.0,0.0,0.0,1.0
1750186463.029174,1.8071990548745123,-0.5450776166251231,0.27383610041336254,0.0,0.0,0.0,1.0
1750186463.0562713,1.8032384274435995,-0.5258936847586925,0.28058665650553016,0.0,0.0,0.0,1.0
1750186463.1619368,1.7914847497641464,-0.4718283247698321,0.2929877643514346,0.0,0.0,0.0,1.0
1750186463.2775507,1.7689127889051024,-0.4184357864658546,0.29598325419018523,0.0,0.0,0.0,1.0
1750186463.368487,1.7610243069333353,-0.3749827005667453,0.30790388707700134,0.0,0.0,0.0,1.0
1750186463.546695,1.7389097510934377,-0.3326452697859602,0.3054273480894511,0.0,0.0,0.0,1.0
1750186463.5733995,1.7272314757789888,-0.31089367266638557,0.30387600725431513,0.0,0.0,0.0,1.0
1750186463.6669524,1.7047194589509012,-0.26628256967151404,0.301983038383477,0.0,0.0,0.0,1.0
1750186463.7640111,1.6847872206916061,-0.21925575780721512,0.3073012214837474,0.0,0.0,0.0,1.0
1750186463.9311686,1.6614778246654087,-0.1652733344455213,0.29182710759599617,0.0,0.0,0.0,1.0
1750186463.9575317,1.6501678132692223,-0.13952185766858202,0.28344149669493435,0.0,0.0,0.0,1.0
1750186464.0687032,1.619806433918575,-0.08390048649700928,0.2660748650496386,0.0,0.0,0.0,1.0
1750186464.1685262,1.587790746255622,-0.02870050332268531,0.26193993719739606,0.0,0.0,0.0,1.0
1750186464.2654452,1.5627122580580532,0.01849074157351896,0.23983449610830412,0.0,0.0,0.0,1.0
1750186464.4193602,1.5351909145723537,0.0745048393716089,0.23777659222851044,0.0,0.0,0.0,1.0
1750186464.4744782,1.505327613682633,0.12289311822254571,0.22479865104722466,0.0,0.0,0.0,1.0
1750186464.5722556,1.4783800810514947,0.17573044404537586,0.20777653660246537,0.0,0.0,0.0,1.0
1750186464.6674066,1.4496790677256024,0.22872751318656653,0.19837569501455557,0.0,0.0,0.0,1.0
1750186464.772105,1.421733574940298,0.28330945846285827,0.18393299192900497,0.0,0.0,0.0,1.0
1750186464.926006,1.4000348519176509,0.33269840244623705,0.1722028041002844,0.0,0.0,0.0,1.0
1750186464.956088,1.3821522833313666,0.3844611768909216,0.15754873482755846,0.0,0.0,0.0,1.0
1750186465.0632575,1.3586441864851164,0.4242025550160871,0.14701468707722853,0.0,0.0,0.0,1.0
1750186465.1751885,1.33759805105743,0.46683559757103665,0.13848499893769275,0.0,0.0,0.0,1.0
1750186465.2621589,1.316798944680741,0.49340690480952465,0.11695308780006705,0.0,0.0,0.0,1.0
1750186465.4358602,1.3044760026241842,0.5222444766986238,0.10943897938108998,0.0,0.0,0.0,1.0
1750186465.4634664,1.299139011611497,0.5351970691604442,0.10608745186803782,0.0,0.0,0.0,1.0
1750186465.568895,1.2879928551920057,0.5550289102979197,0.09697225443694527,0.0,0.0,0.0,1.0
1750186465.6670969,1.2780986926468927,0.566305682774995,0.07520946242596033,0.0,0.0,0.0,1.0
1750186465.8338869,1.2689352180602373,0.5781423360717531,0.07702115650885759,0.0,0.0,0.0,1.0
1750186465.8613093,1.2650351736276002,0.5826139401605155,0.0786419842440843,0.0,0.0,0.0,1.0
1750186465.978845,1.2552561902678985,0.5863662575348233,0.0717279366106218,0.0,0.0,0.0,1.0
1750186466.0653703,1.2476518026458483,0.5946416643029648,0.055257527037838344,0.0,0.0,0.0,1.0
1750186466.1633053,1.244013357490288,0.6011182677713185,0.049629605721412715,0.0,0.0,0.0,1.0
1750186466.3275433,1.241784418619485,0.6090643557722665,0.03764707588574683,0.0,0.0,0.0,1.0
1750186466.3562872,1.238806242293932,0.6115619471467713,0.032508712744724354,0.0,0.0,0.0,1.0
1750186466.4720395,1.2312905957517037,0.6144379168468015,0.023083567219607637,0.0,0.0,0.0,1.0
1750186466.568213,1.2258330088820948,0.6168369398690182,0.0154562105161309,0.0,0.0,0.0,1.0
1750186466.6742077,1.222238168394313,0.6192117488804455,0.010413654196848624,0.0,0.0,0.0,1.0
1750186466.8254828,1.2189835566506786,0.617981666861002,0.0003813119587037007,0.0,0.0,0.0,1.0
1750186466.8598096,1.2159232606969455,0.6218545238183653,-0.0017030218093660602,0.0,0.0,0.0,1.0
1750186466.9716215,1.2135342791547057,0.6215582583945065,0.010989535342100563,0.0,0.0,0.0,1.0
1750186467.072013,1.2098998091457291,0.6155698520022155,0.014693369183118317,0.0,0.0,0.0,1.0
1750186467.1745546,1.2134509923303858,0.618183690312742,0.023922987484459618,0.0,0.0,0.0,1.0
1750186467.3595283,1.2064811753442433,0.6087692909096823,0.03725287413383208,0.0,0.0,0.0,1.0
1750186467.3861742,1.2025998859282274,0.6035423504118943,0.044661292637798264,0.0,0.0,0.0,1.0
1750186467.4695837,1.2069477053260333,0.5946372508847851,0.049230382812850984,0.0,0.0,0.0,1.0
1750186467.5575962,1.2102710092387983,0.5878127547450123,0.0397994317448492,0.0,0.0,0.0,1.0
1750186467.7383256,1.2108591482216584,0.5807105992311666,0.05055672480421205,0.0,0.0,0.0,1.0
1750186467.765905,1.2112780980404079,0.5769924570109938,0.0562766882148311,0.0,0.0,0.0,1.0
1750186467.868471,1.2162312750858202,0.5748515142856687,0.06634819989789932,0.0,0.0,0.0,1.0
1750186467.971366,1.2231478164838367,0.5712389676931064,0.056397328742339964,0.0,0.0,0.0,1.0
1750186468.0765014,1.2304751553909774,0.5641583046248774,0.06024184768094957,0.0,0.0,0.0,1.0
1750186468.2213368,1.2357990889600783,0.558981756477518,0.050855330656599355,0.0,0.0,0.0,1.0
1750186468.26214,1.2381003419007397,0.5575174529161593,0.05685073512730327,0.0,0.0,0.0,1.0
1750186468.3683007,1.2381850167246193,0.549153217963331,0.0479448544429979,0.0,0.0,0.0,1.0
1750186468.4673872,1.2409870586937612,0.5418229790784599,0.044214442241076006,0.0,0.0,0.0,1.0
1750186468.567941,1.2494568160878678,0.538365664545688,0.04961473291389865,0.0,0.0,0.0,1.0
1750186468.7291498,1.2530921891571125,0.5283339026817983,0.06524817541126683,0.0,0.0,0.0,1.0
1750186468.7592132,1.2547658672149098,0.5234320876824097,0.0733649436073575,0.0,0.0,0.0,1.0
1750186468.8871088,1.264536589491502,0.5129819212279647,0.07658203083496906,0.0,0.0,0.0,1.0
1750186468.9727297,1.2711256650903804,0.5161476912801631,0.06816503742576507,0.0,0.0,0.0,1.0
1750186469.074392,1.2803767946419968,0.5113118498193538,0.07849666740198559,0.0,0.0,0.0,1.0
1750186469.2239525,1.2855445015798703,0.5105622246595702,0.07384442235174916,0.0,0.0,0.0,1.0
1750186469.2566273,1.2991297501149897,0.5091709367132813,0.08545113288695744,0.0,0.0,0.0,1.0
1750186469.3633866,1.3037203871878138,0.5049983814796509,0.0926642652206619,0.0,0.0,0.0,1.0
1750186469.4590547,1.3139957594700828,0.5098517371514718,0.10095502876148173,0.0,0.0,0.0,1.0
1750186469.6193464,1.3158663570070483,0.5058163543643173,0.10582803930818188,0.0,0.0,0.0,1.0
1750186469.6581519,1.3232734464207503,0.511291464007898,0.10825916725938729,0.0,0.0,0.0,1.0
1750186469.7721336,1.3315432295865124,0.5115972190550814,0.12233819850242993,0.0,0.0,0.0,1.0
1750186469.8714604,1.3320306327335445,0.5132477103817356,0.12488068803931487,0.0,0.0,0.0,1.0
1750186469.967549,1.345622901574239,0.5156344101471539,0.13872274759754322,0.0,0.0,0.0,1.0
1750186470.1238058,1.342757487263986,0.5085318588743843,0.14656819735246424,0.0,0.0,0.0,1.0
1750186470.1557603,1.3478763361888058,0.507890974518028,0.15800569576027826,0.0,0.0,0.0,1.0
1750186470.2640955,1.3439194986216245,0.5066472039074941,0.1873076993844537,0.0,0.0,0.0,1.0
1750186470.3629687,1.3430502593660305,0.5004278022699542,0.1906306626090652,0.0,0.0,0.0,1.0
1750186470.4673343,1.3405664272817195,0.5006120926909173,0.206773163088872,0.0,0.0,0.0,1.0
1750186470.6285963,1.3368926427574133,0.49745977171339484,0.2153795003899653,0.0,0.0,0.0,1.0
1750186470.6551106,1.3375031409716653,0.49804777698045555,0.227831096098939,0.0,0.0,0.0,1.0
1750186470.7736168,1.3288044185301282,0.4944277550623048,0.2308936722310731,0.0,0.0,0.0,1.0
1750186470.869371,1.3300498165131267,0.4962235420071638,0.23629424159491041,0.0,0.0,0.0,1.0
1750186470.9681957,1.321024646792515,0.498235871378611,0.23499520753713093,0.0,0.0,0.0,1.0
1750186471.1475852,1.3231873789111663,0.4971712461078717,0.24197829417054556,0.0,0.0,0.0,1.0
1750186471.1749716,1.3243951046936602,0.49661360689044187,0.24557739393274258,0.0,0.0,0.0,1.0
1750186471.2673109,1.323762594707143,0.49572831241035437,0.24564185224853405,0.0,0.0,0.0,1.0
1750186471.3813317,1.3236746238133923,0.5018468527053311,0.24531806032051487,0.0,0.0,0.0,1.0
1750186471.5192206,1.317978251471127,0.49822668292773487,0.24145048499048322,0.0,0.0,0.0,1.0
1750186471.5672004,1.3165119347967467,0.5030769110568077,0.2474018100190618,0.0,0.0,0.0,1.0
1750186471.6692965,1.3183331185013414,0.500929518551537,0.26141046603527796,0.0,0.0,0.0,1.0
1750186471.768707,1.313024218191941,0.5030235202979838,0.2674463725659832,0.0,0.0,0.0,1.0
1750186471.8684413,1.3061209497469548,0.5001141529072369,0.2562244412530332,0.0,0.0,0.0,1.0
1750186472.0287895,1.299213307084893,0.5055833602819244,0.24315216577684926,0.0,0.0,0.0,1.0
1750186472.0656939,1.2957863143745614,0.5084341327646301,0.2361590581339708,0.0,0.0,0.0,1.0
1750186472.1746356,1.2934157082020195,0.50623607806911,0.21344236226007965,0.0,0.0,0.0,1.0
1750186472.2694383,1.2922138207259823,0.5029619705892676,0.19220162099108343,0.0,0.0,0.0,1.0
1750186472.3773296,1.2927562439381155,0.5022618785357541,0.18050755033641414,0.0,0.0,0.0,1.0
1750186472.5413408,1.2884211827975347,0.499673073580563,0.17093958004810828,0.0,0.0,0.0,1.0
1750186472.5681,1.2861935547593955,0.4982952900476322,0.16612774121978288,0.0,0.0,0.0,1.0
1750186472.666772,1.2745275313424091,0.49222168431044366,0.16274456618654168,0.0,0.0,0.0,1.0
1750186472.7728994,1.2720112365397673,0.49386358122710244,0.1638942420689468,0.0,0.0,0.0,1.0
1750186472.8728547,1.2615131300154576,0.48525452135479746,0.1559618337386375,0.0,0.0,0.0,1.0
1750186473.03439,1.2584572690396332,0.48416280955524876,0.15923769189106501,0.0,0.0,0.0,1.0
1750186473.0598984,1.257107419569438,0.4837071988660401,0.16129230535379907,0.0,0.0,0.0,1.0
1750186473.1655507,1.244586680265734,0.47688029108457464,0.14177349862391886,0.0,0.0,0.0,1.0
1750186473.2683203,1.2404175450486763,0.47190704665921757,0.11373703609181349,0.0,0.0,0.0,1.0
1750186473.426989,1.2337846334837892,0.463850677934667,0.09208019959085643,0.0,0.0,0.0,1.0
1750186473.455318,1.2265260343422353,0.4596732696018265,0.07105150274895448,0.0,0.0,0.0,1.0
1750186473.5707948,1.2248947650270083,0.45322980948006975,0.054570788257638135,0.0,0.0,0.0,1.0
1750186473.671879,1.2154614382311406,0.45126390651611187,0.0579951654721252,0.0,0.0,0.0,1.0
1750186473.7852998,1.218014603652138,0.4486928320738122,0.04494669561834715,0.0,0.0,0.0,1.0
1750186473.9350216,1.2056824100893633,0.44441456078076647,0.042450486501664136,0.0,0.0,0.0,1.0
1750186473.973016,1.1994196093164988,0.4423549733755968,0.041728367696183065,0.0,0.0,0.0,1.0
1750186474.074256,1.19697920116726,0.4339228772132943,0.04055220461509055,0.0,0.0,0.0,1.0
1750186474.163695,1.2035606360664353,0.4382334531314371,0.03507095459305998,0.0,0.0,0.0,1.0
1750186474.2872863,1.208484688592697,0.4340773480815995,0.03782593780914356,0.0,0.0,0.0,1.0
1750186474.439363,1.2115709170653237,0.4365168955535421,0.028929850205725617,0.0,0.0,0.0,1.0
1750186474.467286,1.2133089988500658,0.4379544294049799,0.024441603148500506,0.0,0.0,0.0,1.0
1750186474.563114,1.212176371834811,0.4347337775703593,0.029458693503232117,0.0,0.0,0.0,1.0
1750186474.6699224,1.214315082337176,0.4290666342339731,0.03781006729162717,0.0,0.0,0.0,1.0
1750186474.7613356,1.2231635529734946,0.4298053128316463,0.03354371561491812,0.0,0.0,0.0,1.0
1750186474.9425733,1.2275192991530024,0.43307164770140777,0.02582705002547067,0.0,0.0,0.0,1.0
1750186474.9693449,1.229819940338377,0.43489511171571194,0.021778458287761614,0.0,0.0,0.0,1.0
1750186475.068039,1.232603269442877,0.4367713232647518,0.019138071374356934,0.0,0.0,0.0,1.0
1750186475.1658027,1.2466177085754162,0.4330836281450579,0.023604528025620714,0.0,0.0,0.0,1.0
1750186475.337491,1.2579024731864472,0.4352107056421642,0.020330969117501384,0.0,0.0,0.0,1.0
1750186475.367304,1.2637153112324098,0.4363827750611573,0.01869929398281355,0.0,0.0,0.0,1.0
1750186475.463742,1.2762769198677348,0.4345069819171027,0.017267963138481432,0.0,0.0,0.0,1.0
1750186475.5684967,1.2863495174923316,0.4269897081090985,0.010203487231479662,0.0,0.0,0.0,1.0
1750186475.6663706,1.304935967927147,0.4305127282921378,0.011822237296882717,0.0,0.0,0.0,1.0
1750186475.8269157,1.3271240214317948,0.4337459711366727,0.0034233051350411143,0.0,0.0,0.0,1.0
1750186475.8592117,1.348410475092733,0.4403982606154216,0.0056514191160525916,0.0,0.0,0.0,1.0
1750186475.9702606,1.372647122512938,0.44450987378353496,-0.00032490420364967437,0.0,0.0,0.0,1.0
1750186476.0753396,1.3992241171701647,0.449652141506555,0.002689553219734021,0.0,0.0,0.0,1.0
1750186476.19055,1.4357806202382597,0.45488660127297986,-0.010367419424903304,0.0,0.0,0.0,1.0
1750186476.3283546,1.4687648165065286,0.46695525954094774,-0.007299267729520462,0.0,0.0,0.0,1.0
1750186476.364799,1.4845763201964133,0.47305271305154434,-0.00545225975669534,0.0,0.0,0.0,1.0
1750186476.466988,1.5352864074930759,0.4905843047830207,-0.013337465942041724,0.0,0.0,0.0,1.0
1750186476.5685267,1.583749464067601,0.5011973014263241,-0.022622107215727272,0.0,0.0,0.0,1.0
1750186476.66941,1.6307117238316453,0.5137710241983857,-0.02347286163403528,0.0,0.0,0.0,1.0
1750186476.8592293,1.6760158281567508,0.5287408587480642,-0.029350398751894057,0.0,0.0,0.0,1.0
1750186476.88565,1.7012084370123715,0.5370622364530094,-0.03261793560643598,0.0,0.0,0.0,1.0
1750186476.9688072,1.7482874823547108,0.5424849072512921,-0.03058397697047582,0.0,0.0,0.0,1.0
1750186477.0690968,1.799655192476198,0.5583006564419547,-0.03101275490425558,0.0,0.0,0.0,1.0
1750186477.2244232,1.8526073070391462,0.5744909570985965,-0.03585027122337759,0.0,0.0,0.0,1.0
1750186477.2609904,1.905360514375231,0.5928433581081107,-0.039066024321614774,0.0,0.0,0.0,1.0
1750186477.3667252,1.9475282715586013,0.6086959957411731,-0.03834579987469256,0.0,0.0,0.0,1.0
1750186477.4665017,1.9934311713918988,0.6203777983528754,-0.03342322537844742,0.0,0.0,0.0,1.0
1750186477.563142,2.0420668036517484,0.6318284992742548,-0.03814045175219313,0.0,0.0,0.0,1.0
1750186477.7222102,2.0837218535085507,0.644374587968502,-0.027207791556853756,0.0,0.0,0.0,1.0
1750186477.7572393,2.137003133139166,0.6576683650563925,-0.029736432766778818,0.0,0.0,0.0,1.0
1750186477.8726645,2.17233668837988,0.6678258494506741,-0.029875851728246,0.0,0.0,0.0,1.0
1750186477.9652326,2.209266342920582,0.6739656701847998,-0.03143109973054094,0.0,0.0,0.0,1.0
1750186478.0599418,2.2450739862365805,0.6887103654451909,-0.036521118162431344,0.0,0.0,0.0,1.0
1750186478.2312338,2.2767856368588295,0.693423185315702,-0.03475086723990138,0.0,0.0,0.0,1.0
1750186478.262123,2.2908674965953004,0.6951766313264357,-0.033754789746712074,0.0,0.0,0.0,1.0
1750186478.3753512,2.3229096772944513,0.7061078851043846,-0.04250539862299536,0.0,0.0,0.0,1.0
1750186478.4648802,2.335201394444577,0.7141926353392335,-0.038282011969345026,0.0,0.0,0.0,1.0
1750186478.562276,2.352902689425731,0.720155078257838,-0.046664734507299514,0.0,0.0,0.0,1.0
1750186478.7349272,2.3514315473540863,0.7290063618791727,-0.044076153667130635,0.0,0.0,0.0,1.0
1750186478.7617989,2.3490204660768423,0.7331831825315152,-0.042603697580027036,0.0,0.0,0.0,1.0
1750186478.869296,2.3445827545271962,0.7349114593000795,-0.05355210928930128,0.0,0.0,0.0,1.0
1750186478.9679215,2.3421224039043,0.7319007940344511,-0.05391760924942432,0.0,0.0,0.0,1.0
1750186479.1443684,2.3351477698215137,0.7350632420568523,-0.05766877547062715,0.0,0.0,0.0,1.0
1750186479.1702201,2.3309324483096954,0.7365794085143857,-0.05961876814233054,0.0,0.0,0.0,1.0
1750186479.2816298,2.325079497046648,0.7382073751019982,-0.0605073813957775,0.0,0.0,0.0,1.0
1750186479.384769,2.330052336133103,0.7396137747575466,-0.06462204903184908,0.0,0.0,0.0,1.0
1750186479.4619927,2.331165930450925,0.7362177191026666,-0.07254381795895097,0.0,0.0,0.0,1.0
1750186479.6340327,2.328175640223559,0.7384681756179046,-0.0698136834824991,0.0,0.0,0.0,1.0
1750186479.662837,2.3263041261414084,0.7395016676563709,-0.06819004738510545,0.0,0.0,0.0,1.0
1750186479.7649379,2.3249682475153093,0.7424654758273523,-0.06772520750651104,0.0,0.0,0.0,1.0
1750186479.8666253,2.3223165187571473,0.7422049543096325,-0.07211176928572115,0.0,0.0,0.0,1.0
1750186479.9636452,2.3256936481390387,0.7471072365705531,-0.07981204429651152,0.0,0.0,0.0,1.0
1750186480.130209,2.3299823772992636,0.7482773577937193,-0.07866412274690593,0.0,0.0,0.0,1.0
1750186480.1627383,2.332097698476814,0.748724551718943,-0.07788384195466347,0.0,0.0,0.0,1.0
1750186480.2760298,2.3354314697710175,0.7497987146804608,-0.08418405590751023,0.0,0.0,0.0,1.0
1750186480.3642564,2.355280345082495,0.75419010373167,-0.09201745473978684,0.0,0.0,0.0,1.0
1750186480.4713333,2.3547071717730788,0.7492916757039185,-0.09016169127162192,0.0,0.0,0.0,1.0
1750186480.6323025,2.3760625042745542,0.7514618351638033,-0.0977316834102811,0.0,0.0,0.0,1.0
1750186480.6580112,2.3870107011917012,0.7525317879724291,-0.10155497559866557,0.0,0.0,0.0,1.0
1750186480.7843387,2.410866014755064,0.7590121520886202,-0.10448461300403454,0.0,0.0,0.0,1.0
1750186480.8667917,2.4319800957659234,0.7643383844699555,-0.10872096082425121,0.0,0.0,0.0,1.0
1750186481.0312958,2.4617015999656053,0.771005867201469,-0.10596396522669908,0.0,0.0,0.0,1.0
1750186481.0618372,2.4765050318418487,0.774330891472629,-0.10430511850381279,0.0,0.0,0.0,1.0
1750186481.1642628,2.5083987009435558,0.7800789708385062,-0.11040141638373614,0.0,0.0,0.0,1.0
1750186481.2678816,2.53265847008926,0.7845200378117742,-0.11642377905085773,0.0,0.0,0.0,1.0
1750186481.3623123,2.5658009902073466,0.800044599958099,-0.1122210388521587,0.0,0.0,0.0,1.0
1750186481.5238836,2.589700736626327,0.8020208061072466,-0.11525420222016043,0.0,0.0,0.0,1.0
1750186481.5599174,2.6147692754368372,0.8120215047809937,-0.11004884767125,0.0,0.0,0.0,1.0
1750186481.6763391,2.6384087109242866,0.8143073228844261,-0.11560631309928167,0.0,0.0,0.0,1.0
1750186481.7683513,2.6574018555901815,0.821986506974846,-0.11827549733401033,0.0,0.0,0.0,1.0
1750186481.8685608,2.678977084241195,0.8279418206162398,-0.11994701402172901,0.0,0.0,0.0,1.0
1750186482.0269346,2.6973322915290767,0.8446609967271611,-0.13581989668752373,0.0,0.0,0.0,1.0
1750186482.0548458,2.7148560574312475,0.8434513539188073,-0.13612038288917788,0.0,0.0,0.0,1.0
1750186482.1643193,2.730262332628826,0.8489205729553326,-0.15387881902213682,0.0,0.0,0.0,1.0
1750186482.258216,2.7430702136668,0.8510762469617065,-0.14514186584958214,0.0,0.0,0.0,1.0
1750186482.4184277,2.7485717214670515,0.8615108207515596,-0.1530406336043542,0.0,0.0,0.0,1.0
1750186482.4668033,2.753982480266293,0.8577097764183251,-0.14312553299636438,0.0,0.0,0.0,1.0
1750186482.5691578,2.7551316318273114,0.8619134567868054,-0.15645004786071331,0.0,0.0,0.0,1.0
1750186482.6761417,2.7626027119479493,0.8603506279468789,-0.1470588205817268,0.0,0.0,0.0,1.0
1750186482.769342,2.756424520505638,0.8621839151546599,-0.16179585476395086,0.0,0.0,0.0,1.0
1750186482.9315288,2.773356884608068,0.8755542170638017,-0.17385104096245835,0.0,0.0,0.0,1.0
1750186482.9614713,2.7816423527647895,0.88233869374162,-0.1799254498148066,0.0,0.0,0.0,1.0
1750186483.0672295,2.7624763046750442,0.8835881562573615,-0.1960460962762844,0.0,0.0,0.0,1.0
1750186483.1670268,2.7530608241466754,0.8824737075542766,-0.19617332795946768,0.0,0.0,0.0,1.0
1750186483.263293,2.7397476732594335,0.8775986572017815,-0.1993519233637208,0.0,0.0,0.0,1.0
1750186483.4230545,2.7477728734905056,0.8781791448646957,-0.1995617188346586,0.0,0.0,0.0,1.0
1750186483.4544375,2.742501802230868,0.8802429780603622,-0.19908250528823576,0.0,0.0,0.0,1.0
1750186483.5629597,2.7478400452373264,0.8848543946830972,-0.19045980579805946,0.0,0.0,0.0,1.0
1750186483.6605217,2.7436139253983445,0.8870260578367044,-0.19021935533666076,0.0,0.0,0.0,1.0
1750186483.7591493,2.744743839528674,0.8926273109885171,-0.18194982199652993,0.0,0.0,0.0,1.0
1750186483.927925,2.7398071781952567,0.8961002445779315,-0.18449876943587146,0.0,0.0,0.0,1.0
1750186483.958145,2.7450240796792347,0.8978183033538036,-0.1745073964774678,0.0,0.0,0.0,1.0
1750186484.0645308,2.743851300262388,0.8982029458302544,-0.178011164134361,0.0,0.0,0.0,1.0
1750186484.164596,2.7362401731132504,0.8930082514075414,-0.16354368071356598,0.0,0.0,0.0,1.0
1750186484.2698789,2.7455156684157105,0.8951248663133305,-0.14064311854750344,0.0,0.0,0.0,1.0
1750186484.4309871,2.738318105041356,0.8935081939900906,-0.13441949995136465,0.0,0.0,0.0,1.0
1750186484.45628,2.734519711188349,0.8925730655488154,-0.1315564553097472,0.0,0.0,0.0,1.0
1750186484.5576577,2.7353662094745994,0.8898626905997336,-0.09774720860625197,0.0,0.0,0.0,1.0
1750186484.6646738,2.7387380018896157,0.8854378628638138,-0.08332850096107125,0.0,0.0,0.0,1.0
1750186484.8392785,2.7400873580543355,0.8902652798296753,-0.05878686033923451,0.0,0.0,0.0,1.0
1750186484.8787732,2.740810840729162,0.892861209138499,-0.046175442259577565,0.0,0.0,0.0,1.0
1750186484.96666,2.750616811889524,0.8986821317453566,-0.03814851450267608,0.0,0.0,0.0,1.0
1750186485.0715065,2.7501981841632177,0.8931984394261597,-0.03053123522059109,0.0,0.0,0.0,1.0
1750186485.1691394,2.7504500222938297,0.8972970081260951,-0.020374655450363932,0.0,0.0,0.0,1.0
1750186485.325293,2.7390617403580397,0.8935531505012159,-0.003352994868557285,0.0,0.0,0.0,1.0
1750186485.3589935,2.7386907749222207,0.8885458781326886,0.006960967295893662,0.0,0.0,0.0,1.0
1750186485.4655938,2.7315948209624876,0.8948652685947613,0.017041058319287265,0.0,0.0,0.0,1.0
1750186485.5734105,2.7249616161784163,0.8918318506745679,0.042651117455002954,0.0,0.0,0.0,1.0
1750186485.658426,2.7119988745407375,0.8927839069706534,0.06300211828333081,0.0,0.0,0.0,1.0
1750186485.8406544,2.7053273670062845,0.8974681947433473,0.08324853340972113,0.0,0.0,0.0,1.0
1750186485.8691075,2.7019270952037138,0.8999666528331733,0.09347488961597454,0.0,0.0,0.0,1.0
1750186485.9812727,2.706000024860349,0.896888270605045,0.10885304928504146,0.0,0.0,0.0,1.0
1750186486.0663354,2.7005574172322713,0.8904313481633143,0.12839461161357096,0.0,0.0,0.0,1.0
1750186486.1699395,2.697645196999871,0.8909531842521883,0.15001360113851522,0.0,0.0,0.0,1.0
1750186486.3192778,2.694138163993863,0.8906815136007381,0.17077264287323501,0.0,0.0,0.0,1.0
1750186486.355718,2.6958304225848067,0.8865924939651937,0.1763304919348826,0.0,0.0,0.0,1.0
1750186486.4703085,2.704735135585589,0.8757851395073706,0.18698030945124702,0.0,0.0,0.0,1.0
1750186486.5688128,2.7079722689821164,0.8709175093453998,0.2060977300662349,0.0,0.0,0.0,1.0
1750186486.7275298,2.699823071212242,0.8609752086802079,0.21652187036315354,0.0,0.0,0.0,1.0
1750186486.7559392,2.693103649307858,0.8504005866844441,0.24698829051420979,0.0,0.0,0.0,1.0
1750186486.8756647,2.699753574457046,0.8376842096992487,0.2556876707539263,0.0,0.0,0.0,1.0
1750186486.9672585,2.7029507900946945,0.8286986850702672,0.2946506346254449,0.0,0.0,0.0,1.0
1750186487.064365,2.7171477572406038,0.8165540540707058,0.28556487809144415,0.0,0.0,0.0,1.0
1750186487.2301836,2.7152836292363625,0.7995709639088763,0.30991711821076734,0.0,0.0,0.0,1.0
1750186487.2569861,2.7141824737829348,0.7911978304150002,0.3216508100199628,0.0,0.0,0.0,1.0
1750186487.3643095,2.7273112719643975,0.7648927546829238,0.32097481301448605,0.0,0.0,0.0,1.0
1750186487.4694827,2.73893602992004,0.7486676674700344,0.3186419658877677,0.0,0.0,0.0,1.0
1750186487.5634608,2.7540588392815617,0.731284156420584,0.31117095853492543,0.0,0.0,0.0,1.0
1750186487.740136,2.7612685221723385,0.6997741454313778,0.3123478091983127,0.0,0.0,0.0,1.0
1750186487.7681623,2.7648704460601787,0.6835071515722035,0.3126492032091797,0.0,0.0,0.0,1.0
1750186487.8662739,2.7813139343835886,0.6504797355010401,0.3389064803306095,0.0,0.0,0.0,1.0
1750186487.9692538,2.7986155548273044,0.6214053167075089,0.3347974303941043,0.0,0.0,0.0,1.0
1750186488.0718856,2.7994143007254912,0.5925536379363076,0.36402102969618355,0.0,0.0,0.0,1.0
1750186488.2217853,2.807405024229208,0.5567165429656082,0.3471244198020489,0.0,0.0,0.0,1.0
1750186488.255929,2.820688671882208,0.5230675502512587,0.36657082115572587,0.0,0.0,0.0,1.0
1750186488.3721802,2.830828866656344,0.4992530052558954,0.37471982654570596,0.0,0.0,0.0,1.0
1750186488.4673727,2.8345727016902815,0.4709482943645612,0.3645779213734861,0.0,0.0,0.0,1.0
1750186488.629516,2.848553204354943,0.4397712475721273,0.35617406730920337,0.0,0.0,0.0,1.0
1750186488.6555426,2.8552930099900107,0.42525686647432265,0.3514401191379575,0.0,0.0,0.0,1.0
1750186488.7712886,2.8727438048960052,0.3893054205735916,0.3491066640359719,0.0,0.0,0.0,1.0
1750186488.8695405,2.871750135388582,0.3486694453527396,0.3718467749834062,0.0,0.0,0.0,1.0
1750186488.965445,2.879861421503736,0.3197680965509596,0.3606514158081964,0.0,0.0,0.0,1.0
1750186489.142056,2.883547294321173,0.2864110225974175,0.3753515036246013,0.0,0.0,0.0,1.0
1750186489.1677337,2.885254223368774,0.2694577556138585,0.3831634245740003,0.0,0.0,0.0,1.0
1750186489.2707527,2.9020713596205354,0.27087808426990495,0.39215197610658176,0.0,0.0,0.0,1.0
1750186489.3696284,2.9082313237227315,0.2619369280497833,0.388241110072446,0.0,0.0,0.0,1.0
1750186489.4687376,2.903724137621325,0.25995593064160005,0.40959333794745845,0.0,0.0,0.0,1.0
1750186489.6252677,2.911618252995474,0.26566507339860895,0.4042868770482526,0.0,0.0,0.0,1.0
1750186489.66813,2.915046650759452,0.2501097167087011,0.41740891643729716,0.0,0.0,0.0,1.0
1750186489.7752447,2.9233340072434677,0.2557627173845458,0.42350855649168395,0.0,0.0,0.0,1.0
1750186489.8728056,2.9367329890816984,0.25322164866716657,0.4159003364246412,0.0,0.0,0.0,1.0
1750186489.962411,2.9279161758112333,0.24025725091520383,0.414470831461071,0.0,0.0,0.0,1.0
1750186490.1362946,2.9353643381029464,0.23513035327488585,0.38930726855253056,0.0,0.0,0.0,1.0
1750186490.1615083,2.939065474719966,0.2329374728162811,0.3758443431458894,0.0,0.0,0.0,1.0
1750186490.2655292,2.94276427095698,0.2242828861267852,0.3571022693212338,0.0,0.0,0.0,1.0
1750186490.3692641,2.9411239881846236,0.22616698094037418,0.31958577895397233,0.0,0.0,0.0,1.0
1750186490.523197,2.9449375720326594,0.22952128626251242,0.3032916022185715,0.0,0.0,0.0,1.0
1750186490.5546992,2.950223839048094,0.22756404381730627,0.278376188520204,0.0,0.0,0.0,1.0
1750186490.6784434,2.962808889305132,0.23632034352654613,0.27065599126386064,0.0,0.0,0.0,1.0
1750186490.766389,2.96547945213675,0.24210791084754896,0.24305518430533832,0.0,0.0,0.0,1.0
1750186490.875891,2.9771506133151835,0.2439323161409089,0.22454531264682978,0.0,0.0,0.0,1.0
1750186491.0274677,2.979583617513067,0.2450279167381333,0.2062009628628446,0.0,0.0,0.0,1.0
1750186491.0572913,2.974994023272367,0.23933752153894194,0.1940793801154114,0.0,0.0,0.0,1.0
1750186491.1623113,2.978248354996951,0.23763577286472093,0.15930490139578618,0.0,0.0,0.0,1.0
1750186491.2754674,2.9782994754308745,0.24204416368958456,0.14698793849904054,0.0,0.0,0.0,1.0
1750186491.3629074,2.9846798235465903,0.24071631712058342,0.12817774401673065,0.0,0.0,0.0,1.0
1750186491.5248694,2.9882865858929653,0.24297133056237466,0.11621222624316602,0.0,0.0,0.0,1.0
1750186491.5576887,2.9900985910528015,0.23555629825044921,0.11358931547490517,0.0,0.0,0.0,1.0
1750186491.6693578,2.993820382897723,0.23523271199805385,0.11141883791716126,0.0,0.0,0.0,1.0
1750186491.7690527,2.9969481971632104,0.2389982704751342,0.11824033177206708,0.0,0.0,0.0,1.0
1750186491.870261,2.9895326824357764,0.23709135886542193,0.1480957073286221,0.0,0.0,0.0,1.0
1750186492.024408,2.9805407376600033,0.22763863460665776,0.15466808191281192,0.0,0.0,0.0,1.0
1750186492.0581121,2.983023785702391,0.229046190030677,0.17001503554067438,0.0,0.0,0.0,1.0
1750186492.1622102,2.9866671807944347,0.23356893010510196,0.17636377148615864,0.0,0.0,0.0,1.0
1750186492.2606049,2.9863544563522146,0.2334937034297641,0.17155292962786003,0.0,0.0,0.0,1.0
1750186492.4209201,2.992987007136865,0.24104939903349223,0.16939116444359983,0.0,0.0,0.0,1.0
1750186492.4559479,2.982240346108241,0.2276154321243825,0.16803750028974468,0.0,0.0,0.0,1.0
1750186492.5699363,2.9733454616193047,0.2342167841655699,0.17553127609223532,0.0,0.0,0.0,1.0
1750186492.666026,2.9686035867497487,0.22597965220393415,0.1754434631417971,0.0,0.0,0.0,1.0
1750186492.7617192,2.958251529154148,0.2186327160967915,0.18480712641583935,0.0,0.0,0.0,1.0
1750186492.9292037,2.9568189121459225,0.22191079186167,0.17103487838789902,0.0,0.0,0.0,1.0
1750186492.9574347,2.9563120218455716,0.22377941178653682,0.16372294383568076,0.0,0.0,0.0,1.0
1750186493.0674622,2.957263195503608,0.21945443522739397,0.16185121199020372,0.0,0.0,0.0,1.0
1750186493.1695168,2.9485851742780453,0.2138161767227147,0.1799168160092377,0.0,0.0,0.0,1.0
1750186493.2662652,2.951524318389648,0.20916659082342057,0.17792665654978093,0.0,0.0,0.0,1.0
1750186493.431108,2.9528694339308807,0.20970880306598128,0.1751913914612392,0.0,0.0,0.0,1.0
1750186493.4569764,2.953712961696286,0.21015376369341104,0.17369599107793193,0.0,0.0,0.0,1.0
1750186493.5602906,2.9508388838233697,0.20789800548344145,0.19872744023149944,0.0,0.0,0.0,1.0
1750186493.6678135,2.951058662907329,0.2045056213335616,0.20899679027631696,0.0,0.0,0.0,1.0
1750186493.7632482,2.9527209834521324,0.20399776320183005,0.22147051618857883,0.0,0.0,0.0,1.0
1750186493.9391177,2.942535058662649,0.19375053478961787,0.22295144104861694,0.0,0.0,0.0,1.0
1750186493.965672,2.937160742248146,0.18838977162512333,0.22345082260622892,0.0,0.0,0.0,1.0
1750186494.0670109,2.9310954924606483,0.18505802552732978,0.22054119049633408,0.0,0.0,0.0,1.0
1750186494.1693685,2.923173276964368,0.1752867323174632,0.25190504303828387,0.0,0.0,0.0,1.0
1750186494.3293717,2.919384470188746,0.16687751126631156,0.23738536659079515,0.0,0.0,0.0,1.0
1750186494.357747,2.9176844312768213,0.16279827559928803,0.22927273121552594,0.0,0.0,0.0,1.0
1750186494.471274,2.9046308449485587,0.15037857035366667,0.23713275024363975,0.0,0.0,0.0,1.0
1750186494.5694573,2.893477886054988,0.14510605813899863,0.25661507148096735,0.0,0.0,0.0,1.0
1750186494.6697042,2.8814356185648964,0.1425410127170722,0.26737984420128635,0.0,0.0,0.0,1.0
1750186494.8291163,2.8607427872446753,0.12784369457975528,0.2773637152268965,0.0,0.0,0.0,1.0
1750186494.8553524,2.850481960795725,0.12058973189570758,0.2820904511381494,0.0,0.0,0.0,1.0
1750186494.9622805,2.822210896236831,0.10128161985101516,0.2835252462594778,0.0,0.0,0.0,1.0
1750186495.0678217,2.8024251150676425,0.08949091200795055,0.29715610275803006,0.0,0.0,0.0,1.0
1750186495.1651363,2.7688422709756297,0.0763034160661313,0.3053050541351455,0.0,0.0,0.0,1.0
1750186495.3257718,2.745474850864539,0.06419699699891389,0.3093876401036499,0.0,0.0,0.0,1.0
1750186495.355796,2.726082255051944,0.046507225973898794,0.3097443640046186,0.0,0.0,0.0,1.0
1750186495.4723659,2.698149753560664,0.02629195218345537,0.31452386598430876,0.0,0.0,0.0,1.0
1750186495.5756261,2.662883480063793,0.01360994824412792,0.3344718490704361,0.0,0.0,0.0,1.0
1750186495.6692917,2.6346185225585175,-0.0006233715790466372,0.3223770002408871,0.0,0.0,0.0,1.0
1750186495.843155,2.608138124921891,-0.027065412206678557,0.330782701065269,0.0,0.0,0.0,1.0
1750186495.8694174,2.59468276368036,-0.040831095318685715,0.33513749810422006,0.0,0.0,0.0,1.0
1750186495.965852,2.5546930670382206,-0.0606585187477217,0.3520450969775009,0.0,0.0,0.0,1.0
1750186496.077539,2.5154509982038737,-0.09118632228453066,0.33992048152160226,0.0,0.0,0.0,1.0
1750186496.2326605,2.4763966759483864,-0.10969726939436414,0.3622146369286464,0.0,0.0,0.0,1.0
1750186496.2624795,2.4574908829072832,-0.11833870070826662,0.37370027471437484,0.0,0.0,0.0,1.0
1750186496.3828523,2.423001490559185,-0.15189924230786173,0.34570754576443957,0.0,0.0,0.0,1.0
1750186496.4573603,2.3864672355790617,-0.17068367972625031,0.3650000816221933,0.0,0.0,0.0,1.0
1750186496.5576854,2.352872466504417,-0.18474584760352591,0.3393923633907092,0.0,0.0,0.0,1.0
1750186496.7205634,2.3222085161924846,-0.20818538188704627,0.36804311031548936,0.0,0.0,0.0,1.0
1750186496.756316,2.2879184602036564,-0.22635760405776306,0.3638304122494385,0.0,0.0,0.0,1.0
1750186496.8725972,2.2599015637431608,-0.24890216233326865,0.3642603775426179,0.0,0.0,0.0,1.0
1750186496.9698615,2.2281057461077975,-0.2683499617657851,0.3638499448416485,0.0,0.0,0.0,1.0
1750186497.0843651,2.197592380773578,-0.2942558028202995,0.3790638251358099,0.0,0.0,0.0,1.0
1750186497.2271743,2.1615850695579066,-0.31766983458683773,0.3710046243030053,0.0,0.0,0.0,1.0
1750186497.2553294,2.131272440202666,-0.343779049118271,0.37725872226124835,0.0,0.0,0.0,1.0
1750186497.3729012,2.1002289843161748,-0.36264098992088484,0.3799338588426685,0.0,0.0,0.0,1.0
1750186497.4679346,2.071846852204207,-0.38566830709133804,0.37816618928171786,0.0,0.0,0.0,1.0
1750186497.5688565,2.045668529374588,-0.40376675190311134,0.3849327377761152,0.0,0.0,0.0,1.0
1750186497.734517,2.0231298469734096,-0.42359702854132186,0.3885296046084875,0.0,0.0,0.0,1.0
1750186497.77017,2.0129344826728537,-0.43286908251734196,0.39026263854096815,0.0,0.0,0.0,1.0
1750186497.864776,1.9956458146778393,-0.4478517008673497,0.3869303391316575,0.0,0.0,0.0,1.0
1750186497.9682171,1.9799303873637482,-0.45939601657351653,0.4028873563519753,0.0,0.0,0.0,1.0
1750186498.120973,1.9713667906805759,-0.46560647171360287,0.396994618742744,0.0,0.0,0.0,1.0
1750186498.1551397,1.962124830491682,-0.47147793847502545,0.3994958883195607,0.0,0.0,0.0,1.0
1750186498.2681913,1.9530463355263301,-0.4688799319076263,0.4230321005860857,0.0,0.0,0.0,1.0
1750186498.374269,1.948888270846891,-0.46924809970754605,0.4083939402202064,0.0,0.0,0.0,1.0
1750186498.4655962,1.9431728787419071,-0.4775600037863957,0.4149152389416737,0.0,0.0,0.0,1.0
1750186498.6305797,1.943678009342514,-0.4775819533690037,0.3871744945265707,0.0,0.0,0.0,1.0
1750186498.658201,1.9448850430116862,-0.47694884500562795,0.37250356193247874,0.0,0.0,0.0,1.0
1750186498.7681634,1.939517475450279,-0.48402452444966104,0.3992955402520161,0.0,0.0,0.0,1.0
1750186498.87222,1.9258208127372167,-0.4896296410757266,0.4051586357939975,0.0,0.0,0.0,1.0
1750186498.9731975,1.9223725723701346,-0.49573202545697514,0.4209609745887619,0.0,0.0,0.0,1.0
1750186499.131078,1.9108953057700182,-0.4986531146080742,0.41438305070067316,0.0,0.0,0.0,1.0
1750186499.1567597,1.9054579725334675,-0.4997647764908405,0.4106945214141856,0.0,0.0,0.0,1.0
1750186499.2704434,1.8997824626595723,-0.5047977069934217,0.4112181300094324,0.0,0.0,0.0,1.0
1750186499.3695056,1.9016555721899986,-0.5133732791585386,0.43140965698258166,0.0,0.0,0.0,1.0
1750186499.470869,1.8926057354908417,-0.5176241382243485,0.42526727513910667,0.0,0.0,0.0,1.0
1750186499.635512,1.8955082831374117,-0.5230301547272704,0.42859221426945204,0.0,0.0,0.0,1.0
1750186499.663117,1.8974009409432617,-0.5256028793169896,0.4302150838769586,0.0,0.0,0.0,1.0
1750186499.7690248,1.8945848049208174,-0.5215963077445579,0.433531533442932,0.0,0.0,0.0,1.0
1750186499.8671925,1.8843522438296745,-0.5244353586492023,0.43822354866523777,0.0,0.0,0.0,1.0
1750186500.0269332,1.8827026498768589,-0.5285781432038239,0.4513380845687505,0.0,0.0,0.0,1.0
1750186500.054636,1.8673309010981984,-0.5367678901554908,0.45874014152530074,0.0,0.0,0.0,1.0
1750186500.1782372,1.8602809762026382,-0.5452656494610737,0.4657629754890755,0.0,0.0,0.0,1.0
1750186500.2693458,1.8546021353137243,-0.5501013443672723,0.47372545950120437,0.0,0.0,0.0,1.0
1750186500.3613367,1.8452228503993173,-0.5496478553741485,0.48527408360431823,0.0,0.0,0.0,1.0
1750186500.5252173,1.8365582465882067,-0.5466919622633215,0.47989523246531673,0.0,0.0,0.0,1.0
1750186500.558714,1.8355314653794872,-0.5493584151795292,0.49180100536917387,0.0,0.0,0.0,1.0
1750186500.6719487,1.8275588033569548,-0.5452499693481313,0.4886989677761411,0.0,0.0,0.0,1.0
1750186500.7633903,1.823983946686516,-0.5597061364076754,0.5115028943067715,0.0,0.0,0.0,1.0
1750186500.8744328,1.8202541261763692,-0.5618245891614242,0.513759561515527,0.0,0.0,0.0,1.0
1750186501.03303,1.829294073926216,-0.566574880545155,0.557669302119509,0.0,0.0,0.0,1.0
1750186501.0607374,1.8444159158506412,-0.5687979936654503,0.5869468982472976,0.0,0.0,0.0,1.0
1750186501.1653562,1.8473918264951998,-0.566072504583732,0.6112234087575094,0.0,0.0,0.0,1.0
1750186501.2638836,1.8466781198145192,-0.5732829840252047,0.587461144542139,0.0,0.0,0.0,1.0
1750186501.3682935,1.834852580604185,-0.5667522255199924,0.6108298998614562,0.0,0.0,0.0,1.0
1750186501.5556583,1.8286899665522782,-0.5531205649309487,0.6330164172227275,0.0,0.0,0.0,1.0
1750186501.581219,1.8253068121834244,-0.5455912131387813,0.6451532002898865,0.0,0.0,0.0,1.0
1750186501.6673408,1.822149106613051,-0.545356465530187,0.6457988338100337,0.0,0.0,0.0,1.0
1750186501.7621958,1.8270158304940303,-0.5595682036807408,0.6195705071620828,0.0,0.0,0.0,1.0
1750186501.9314258,1.8306211315011687,-0.55235207839563,0.6284308493311451,0.0,0.0,0.0,1.0
1750186501.9622934,1.8326249392488847,-0.5485002248636315,0.6326985920647198,0.0,0.0,0.0,1.0
1750186502.072826,1.8681378288411155,-0.5507541570799622,0.6471234675997938,0.0,0.0,0.0,1.0
1750186502.1585515,1.8493866636397605,-0.562194219559495,0.6228759905628561,0.0,0.0,0.0,1.0
1750186502.2728572,1.8460795442813616,-0.565529312213364,0.619379506442954,0.0,0.0,0.0,1.0
1750186502.4371216,1.8333711061176636,-0.5687445089797151,0.6081488828294083,0.0,0.0,0.0,1.0
1750186502.469861,1.8266091318934683,-0.5703620612064116,0.6021285425645228,0.0,0.0,0.0,1.0
1750186502.5635607,1.828808296525081,-0.5693405679627902,0.610745142997139,0.0,0.0,0.0,1.0
1750186502.6714308,1.8296414709000397,-0.5667297216098204,0.5989399803373444,0.0,0.0,0.0,1.0
1750186502.7631261,1.8359723482163706,-0.5675806850958999,0.6217040664748517,0.0,0.0,0.0,1.0
1750186502.939963,1.8323618616370616,-0.5599827856218575,0.6063887953388487,0.0,0.0,0.0,1.0
1750186502.9782946,1.8304391750745457,-0.5558988907886049,0.5981367855924501,0.0,0.0,0.0,1.0
1750186503.0681343,1.8315473895840764,-0.5553643555952067,0.5886437412628991,0.0,0.0,0.0,1.0
1750186503.1698813,1.8431954518939977,-0.5628088583428472,0.6202294631464638,0.0,0.0,0.0,1.0
1750186503.267798,1.8382955477915481,-0.5693532710537826,0.6031930340108342,0.0,0.0,0.0,1.0
1750186503.4468708,1.823919765650429,-0.5576803421650613,0.6192104930400286,0.0,0.0,0.0,1.0
1750186503.474327,1.8161302306443001,-0.5513286026986699,0.6278963307914758,0.0,0.0,0.0,1.0
1750186503.5674825,1.8183459540779394,-0.5451316538806175,0.6364105404769009,0.0,0.0,0.0,1.0
1750186503.6663752,1.8254785137529363,-0.5579666878293711,0.612545480775845,0.0,0.0,0.0,1.0
1750186503.8301136,1.828770664887068,-0.5522043847106074,0.5979597874398712,0.0,0.0,0.0,1.0
1750186503.8564155,1.8305433722927194,-0.5491911198071977,0.5903540175600506,0.0,0.0,0.0,1.0
1750186503.9653285,1.8341143754981915,-0.5669899142859668,0.5827082862334346,0.0,0.0,0.0,1.0
1750186504.071101,1.8279925354556146,-0.5621745850769634,0.6052520259270537,0.0,0.0,0.0,1.0
1750186504.1714,1.8367072531137463,-0.5880196221073013,0.579241580971415,0.0,0.0,0.0,1.0
1750186504.3246632,1.827270594045637,-0.5692601414994338,0.6089724276517302,0.0,0.0,0.0,1.0
1750186504.355603,1.8422588090891785,-0.5705490571566795,0.5886414083418756,0.0,0.0,0.0,1.0
1750186504.4680016,1.8464329425621089,-0.5719378757543796,0.6237151038860924,0.0,0.0,0.0,1.0
1750186504.5672073,1.8421625046108694,-0.5772405524365681,0.6011123905562165,0.0,0.0,0.0,1.0
1750186504.676464,1.8400590240887256,-0.5776790572370054,0.6267765801850277,0.0,0.0,0.0,1.0
1750186504.8258955,1.8380345794079176,-0.5747776439764188,0.5928793097718658,0.0,0.0,0.0,1.0
1750186504.86546,1.8286843610880201,-0.5532836700893705,0.6153088255362781,0.0,0.0,0.0,1.0
1750186504.9734588,1.8328187153774664,-0.5572344253104304,0.5961591735458694,0.0,0.0,0.0,1.0
1750186505.0720456,1.8304976386861234,-0.5599045005446116,0.6068188586705052,0.0,0.0,0.0,1.0
1750186505.1774955,1.827593363734597,-0.5565917587895726,0.6033635880952883,0.0,0.0,0.0,1.0
1750186505.3484678,1.8298107668655805,-0.5553568607703893,0.5992977340428043,0.0,0.0,0.0,1.0
1750186505.3757565,1.8310375258496476,-0.5547152846077658,0.5970963259751503,0.0,0.0,0.0,1.0
1750186505.4582405,1.83648380162797,-0.5522018496678276,0.5908710518192002,0.0,0.0,0.0,1.0
1750186505.563261,1.8296540581796825,-0.5561325186293861,0.6039951639202562,0.0,0.0,0.0,1.0
1750186505.7237837,1.8324961193830864,-0.5645059451547751,0.5883036066365775,0.0,0.0,0.0,1.0
1750186505.755695,1.8268787818359393,-0.5572732532733151,0.6091852204488951,0.0,0.0,0.0,1.0
1750186505.8642073,1.8378934201383101,-0.5777382675576764,0.5763660307185738,0.0,0.0,0.0,1.0
1750186505.9621034,1.8298860173139215,-0.5638782035354161,0.6092699166668915,0.0,0.0,0.0,1.0
1750186506.0618145,1.8296735902546115,-0.5639897774835207,0.6102019235671202,0.0,0.0,0.0,1.0
1750186506.2288675,1.8241377419087696,-0.566822712545288,0.6347453972290363,0.0,0.0,0.0,1.0
1750186506.25609,1.822426014635562,-0.567697317818819,0.6423390811610039,0.0,0.0,0.0,1.0
1750186506.366391,1.8229721572326347,-0.5684683736978811,0.6358434812532414,0.0,0.0,0.0,1.0
1750186506.468876,1.8253442330299883,-0.5589814714453191,0.6403072384255976,0.0,0.0,0.0,1.0
1750186506.5698164,1.832125482323871,-0.5636834907344312,0.6131665206451896,0.0,0.0,0.0,1.0
1750186506.7281663,1.818106438082469,-0.5525889675753719,0.6305943827496587,0.0,0.0,0.0,1.0
1750186506.7549353,1.8239657740340671,-0.5669660079266742,0.6077213957332269,0.0,0.0,0.0,1.0
1750186506.8631535,1.8236971684838976,-0.5482181216744769,0.6143827381123408,0.0,0.0,0.0,1.0
1750186506.967563,1.828302256347402,-0.5602628579235678,0.602446427893735,0.0,0.0,0.0,1.0
1750186507.0783157,1.829939127918023,-0.5618965257706524,0.6110433322155387,0.0,0.0,0.0,1.0
1750186507.2238176,1.8321018349706875,-0.5529985885488592,0.5996467339041742,0.0,0.0,0.0,1.0
1750186507.257844,1.8293889825470824,-0.5554382924109195,0.6039930135907423,0.0,0.0,0.0,1.0
1750186507.3761823,1.8286885801383903,-0.5576036305494176,0.5996698663445138,0.0,0.0,0.0,1.0
1750186507.4622025,1.8327459178926317,-0.5472966775305858,0.6058572694427681,0.0,0.0,0.0,1.0
1750186507.6263812,1.829798208254769,-0.5514450646561083,0.6080880952184536,0.0,0.0,0.0,1.0
1750186507.657978,1.8279499852172374,-0.5563552059613195,0.6029966513183352,0.0,0.0,0.0,1.0
1750186507.7794425,1.8263459429507738,-0.5604086942671107,0.612784374012541,0.0,0.0,0.0,1.0
1750186507.8671095,1.8269794310905936,-0.5610343238459959,0.6042661362313864,0.0,0.0,0.0,1.0
1750186507.9633398,1.8263512991176838,-0.5614057938109631,0.6191497114633401,0.0,0.0,0.0,1.0
1750186508.159145,1.830141797231515,-0.5559466236656484,0.6067057994892938,0.0,0.0,0.0,1.0
1750186508.1850984,1.8322458458315534,-0.552916434052463,0.599798850825226,0.0,0.0,0.0,1.0
1750186508.2650137,1.8336564629942569,-0.5564509124038128,0.5921479582044477,0.0,0.0,0.0,1.0
1750186508.366018,1.8194647584770096,-0.5455189421428376,0.6176155531136728,0.0,0.0,0.0,1.0
1750186508.4623322,1.827583441260841,-0.5617039716967283,0.6018553129364326,0.0,0.0,0.0,1.0
1750186508.6358118,1.8216104965354911,-0.549220905763995,0.6208034152505447,0.0,0.0,0.0,1.0
1750186508.6638408,1.8184539874031465,-0.5425663397916453,0.6308719846935571,0.0,0.0,0.0,1.0
1750186508.7675695,1.8281446567334567,-0.5545219840079498,0.6117551749228197,0.0,0.0,0.0,1.0
1750186508.865194,1.833266986090933,-0.5608560553056402,0.6016185221734878,0.0,0.0,0.0,1.0
1750186508.9766722,1.8359132750957519,-0.5641524512591699,0.5963289061971561,0.0,0.0,0.0,1.0
1750186509.128315,1.8372101979665596,-0.5657893008496245,0.5936897797948667,0.0,0.0,0.0,1.0
1750186509.154146,1.8377900386204749,-0.5665402564984425,0.5924678962353132,0.0,0.0,0.0,1.0
1750186509.2706275,1.8380016241022141,-0.5668328660886843,0.5919812833806473,0.0,0.0,0.0,1.0
1750186509.371895,1.8380245275490938,-0.5668887909458236,0.591875440237758,0.0,0.0,0.0,1.0
1750186509.464752,1.8379621865136397,-0.5668352294860751,0.5919472258494181,0.0,0.0,0.0,1.0
1750186509.628279,1.837867620620435,-0.56673789389953,0.592091389584851,0.0,0.0,0.0,1.0
1750186509.659361,1.8377653166200927,-0.5666277004313168,0.592258077897389,0.0,0.0,0.0,1.0
1750186509.7703307,1.8376699524220583,-0.5665230304674916,0.5924177374295122,0.0,0.0,0.0,1.0
1750186509.8672838,1.8375846185613054,-0.566428394547473,0.592562741880842,0.0,0.0,0.0,1.0
1750186509.9713657,1.8375105936368363,-0.5663458006661751,0.5926896249881125,0.0,0.0,0.0,1.0
1750186510.1330152,1.8374489861013834,-0.5662768139724983,0.5927957668293131,0.0,0.0,0.0,1.0
1750186510.1591697,1.8374001619182345,-0.566222023982615,0.5928801428707648,0.0,0.0,0.0,1.0
1750186510.2692907,1.8373534665973381,-0.5661695136410106,0.5929610796164214,0.0,0.0,0.0,1.0
1750186510.369678,1.8373202138477498,-0.5661320942309213,0.5930187726810537,0.0,0.0,0.0,1.0
1750186510.470047,1.837292413628889,-0.5661007868141729,0.5930670577601471,0.0,0.0,0.0,1.0
1750186510.6466355,1.8372697139601601,-0.5660752109998052,0.5931065111272951,0.0,0.0,0.0,1.0
1750186510.6726491,1.8372547676472994,-0.5660583681720783,0.5931324947385607,0.0,0.0,0.0,1.0
1750186510.766167,1.8372332179253876,-0.5660340712533284,0.59316998616343,0.0,0.0,0.0,1.0
1750186510.8656735,1.8372227955502467,-0.5660223205429201,0.5931881179155009,0.0,0.0,0.0,1.0
1750186511.0217502,1.8372136353459356,-0.5660119914488329,0.5932040569857596,0.0,0.0,0.0,1.0
1750186511.0555305,1.8372059195881918,-0.5660032904025852,0.5932174842427357,0.0,0.0,0.0,1.0
1750186511.1781003,1.83719961325067,-0.5659961783871964,0.5932284595834878,0.0,0.0,0.0,1.0
1750186511.2634964,1.8371944302943464,-0.5659903330625544,0.5932374802894885,0.0,0.0,0.0,1.0
1750186511.391618,1.8371902176910826,-0.56598558198597,0.5932448123880057,0.0,0.0,0.0,1.0
1750186511.524609,1.8371868053699192,-0.5659817334243804,0.5932507517210127,0.0,0.0,0.0,1.0
1750186511.5552008,1.8371840328074567,-0.5659786063747596,0.5932555775959809,0.0,0.0,0.0,1.0
1750186511.665645,1.8371818233451,-0.5659761144021851,0.5932594233889841,0.0,0.0,0.0,1.0
1750186511.767229,1.8371800134950387,-0.5659740731266918,0.5932625736407704,0.0,0.0,0.0,1.0
1750186511.8695135,1.837178548125535,-0.56597242037445,0.5932651242977948,0.0,0.0,0.0,1.0
1750186512.0246108,1.837177370462709,-0.5659710921158311,0.593267174172908,0.0,0.0,0.0,1.0
1750186512.0601742,1.8371764126701298,-0.5659700118418814,0.5932688413394385,0.0,0.0,0.0,1.0
1750186512.1669812,1.8371756468230267,-0.5659691480581674,0.5932701744012958,0.0,0.0,0.0,1.0
1750186512.2651706,1.8371750234807496,-0.5659684450022261,0.5932712594152554,0.0,0.0,0.0,1.0
1750186512.3692493,1.8371745179935917,-0.5659678748725169,0.5932721392866913,0.0,0.0,0.0,1.0
1750186512.521539,1.837174110413422,-0.5659674151701303,0.5932728487376427,0.0,0.0,0.0,1.0
1750186512.554517,1.8371737789193963,-0.5659670412838433,0.5932734257501182,0.0,0.0,0.0,1.0
1750186512.6671088,1.8371735143751686,-0.5659667429090045,0.593273886227069,0.0,0.0,0.0,1.0
1750186512.7743452,1.8371732989620875,-0.5659664999483007,0.5932742611843225,0.0,0.0,0.0,1.0
1750186512.8702807,1.837173124006244,-0.5659663026186015,0.5932745657200095,0.0,0.0,0.0,1.0
1750186513.0196733,1.8371729836824962,-0.56596614434984,0.5932748099735978,0.0,0.0,0.0,1.0
1750186513.060486,1.8371728691833409,-0.5659660152081906,0.5932750092757949,0.0,0.0,0.0,1.0
1750186513.163412,1.8371727776573095,-0.5659659119775338,0.5932751685899824,0.0,0.0,0.0,1.0
1750186513.2675889,1.8371727032863387,-0.5659658280957773,0.593275298043329,0.0,0.0,0.0,1.0
1750186513.3693647,1.8371726430572468,-0.5659657601644048,0.5932754028807087,0.0,0.0,0.0,1.0
1750186513.5251327,1.8371725942855703,-0.5659657051556567,0.5932754877748132,0.0,0.0,0.0,1.0
1750186513.555281,1.8371725548343572,-0.5659656606593011,0.5932755564453139,0.0,0.0,0.0,1.0
1750186513.671275,1.8371725233102247,-0.5659656251037654,0.5932756113175929,0.0,0.0,0.0,1.0
1750186513.7633214,1.837172497544444,-0.5659655960429772,0.5932756561666337,0.0,0.0,0.0,1.0
1750186513.862601,1.8371724767020863,-0.5659655725352347,0.5932756924457498,0.0,0.0,0.0,1.0
1750186514.0262163,1.8371724599766992,-0.5659655536709535,0.593275721558688,0.0,0.0,0.0,1.0
1750186514.0543368,1.837172446322952,-0.5659655382711228,0.5932757453249957,0.0,0.0,0.0,1.0
1750186514.1624877,1.83717243539709,-0.5659655259480278,0.5932757643430278,0.0,0.0,0.0,1.0
1750186514.261542,1.8371724265523015,-0.5659655159721403,0.5932757797386525,0.0,0.0,0.0,1.0
1750186514.3655694,1.8371724193317636,-0.5659655078282179,0.5932757923070354,0.0,0.0,0.0,1.0
1750186514.53043,1.8371724135308218,-0.5659655012854335,0.5932758024044078,0.0,0.0,0.0,1.0
1750186514.5583096,1.8371724088861245,-0.5659654960467582,0.5932758104891701,0.0,0.0,0.0,1.0
1750186514.6671987,1.8371724049841192,-0.5659654916457523,0.5932758172811708,0.0,0.0,0.0,1.0
1750186514.7837431,1.8371724019578783,-0.5659654882325063,0.5932758225487779,0.0,0.0,0.0,1.0
1750186514.8664215,1.837172399488482,-0.5659654854473161,0.5932758268471165,0.0,0.0,0.0,1.0
1750186515.044109,1.8371723974875112,-0.5659654831904548,0.5932758303300937,0.0,0.0,0.0,1.0
1750186515.070517,1.8371723961309037,-0.5659654816603604,0.5932758326914634,0.0,0.0,0.0,1.0
1750186515.1755457,1.8371723943382365,-0.5659654796384413,0.5932758358118583,0.0,0.0,0.0,1.0
1750186515.2652328,1.8371723934134185,-0.5659654785953548,0.5932758374216368,0.0,0.0,0.0,1.0
1750186515.3645556,1.837172392607336,-0.5659654776861879,0.5932758388247393,0.0,0.0,0.0,1.0
1750186515.550753,1.8371723919371228,-0.5659654769302657,0.5932758399913417,0.0,0.0,0.0,1.0
1750186515.5766509,1.8371723915151184,-0.5659654764542941,0.5932758407259011,0.0,0.0,0.0,1.0
1750186515.6654963,1.8371723908262592,-0.5659654756773413,0.5932758419249594,0.0,0.0,0.0,1.0
1750186515.7748747,1.8371723905276762,-0.5659654753405747,0.5932758424446861,0.0,0.0,0.0,1.0
1750186515.8657308,1.8371723902584758,-0.5659654750369483,0.5932758429132678,0.0,0.0,0.0,1.0
1750186516.0289297,1.8371723900307535,-0.5659654747801042,0.5932758433096512,0.0,0.0,0.0,1.0
1750186516.0556872,1.8371723898409962,-0.5659654745660802,0.5932758436399509,0.0,0.0,0.0,1.0
1750186516.1701891,1.8371723896884133,-0.5659654743939846,0.5932758439055431,0.0,0.0,0.0,1.0
